Date,Car_Company,Stock_Price,Market_Cap,Daily_Change_%,Volume_Traded
2023-01-01 00:00:00.000000000,Audi,294.96,956544.9,1.73,455485.0
2023-01-01 14:37:55.896580483,Tata,453.96,737770.85,,339130.0
2023-01-02 05:15:51.793160967,,306.67,353898.16,-2.5,349103.0
2023-01-02 19:53:47.689741451,,178.62,297239.05,,265179.0
2023-01-03 10:31:43.586321934,,,350353.53,0.72,110767.0
,Hyundai,718.13,774878.88,3.33,434961.0
2023-01-04 15:47:35.379482902,Mahindra,349.18,661709.24,4.06,
2023-01-05 06:25:31.276063386,Mahindra,578.19,186010.37,-4.88,53975.0
2023-01-05 21:03:27.172643869,Audi,779.96,174935.23,1.74,155226.0
2023-01-06 11:41:23.069224353,Honda,1051.07,99297.25,-4.48,419841.0
2023-01-07 02:19:18.965804837,Ford,107.0,660642.42,0.49,439166.0
2023-01-07 16:57:14.862385321,Audi,1209.15,764608.29,-2.12,492818.0
2023-01-08 07:35:10.758965804,Ford,960.46,265781.38,-1.93,57396.0
2023-01-08 22:13:06.655546288,,168.55,21924.02,-1.47,493443.0
2023-01-09 12:51:02.552126772,Hyundai,1316.69,83089.5,1.21,119920.0
2023-01-10 03:28:58.448707256,Mahindra,1385.26,967892.17,-1.66,407547.0
2023-01-10 18:06:54.345287739,Tata,138.56,296149.33,2.33,195999.0
2023-01-11 08:44:50.241868223,Hyundai,,769453.92,-0.95,87226.0
2023-01-11 23:22:46.138448707,Hyundai,1218.99,625038.91,-4.32,
2023-01-12 14:00:42.035029191,Ford,1134.98,,2.84,64014.0
2023-01-13 04:38:37.931609674,BMW,317.56,206481.57,-2.14,40346.0
2023-01-13 19:16:33.828190158,Mahindra,353.56,122265.03,-0.67,71411.0
2023-01-14 09:54:29.724770642,Honda,587.18,615397.96,1.85,186550.0
2023-01-15 00:32:25.621351126,Hyundai,752.56,774859.15,-1.68,144326.0
2023-01-15 15:10:21.517931609,Tata,946.47,644260.35,-4.43,187806.0
2023-01-16 05:48:17.414512093,BMW,584.92,530771.83,-1.26,422837.0
2023-01-16 20:26:13.311092577,BMW,720.68,42909.27,4.44,339585.0
2023-01-17 11:04:09.207673060,,1133.83,968520.29,1.42,47121.0
2023-01-18 01:42:05.104253544,Hyundai,,798915.48,1.71,213490.0
2023-01-18 16:20:01.000834028,,416.03,,1.32,323341.0
2023-01-19 06:57:56.897414512,Mahindra,1084.36,979990.36,-3.01,85577.0
2023-01-19 21:35:52.793994995,Toyota,1348.05,602279.71,-0.82,357778.0
2023-01-20 12:13:48.690575479,Tata,791.93,582840.24,2.51,250106.0
,Honda,,748325.11,-3.99,436647.0
2023-01-21 17:29:40.483736447,BMW,205.4,811958.02,-2.22,493461.0
2023-01-22 08:07:36.380316930,Mahindra,698.75,656822.13,,363355.0
2023-01-22 22:45:32.276897414,Tata,822.3,128967.65,-0.68,136909.0
2023-01-23 13:23:28.173477898,Toyota,401.58,338929.24,,484241.0
2023-01-24 04:01:24.070058382,Toyota,,928155.56,-4.32,477379.0
2023-01-24 18:39:19.966638865,Ford,597.06,225391.0,0.19,465448.0
2023-01-25 09:17:15.863219349,Ford,79.1,372794.86,-3.21,443210.0
2023-01-25 23:55:11.759799833,Audi,517.01,432644.81,4.71,473295.0
2023-01-26 14:33:07.656380316,Honda,356.6,,-3.87,406831.0
2023-01-27 05:11:03.552960800,Hyundai,524.87,613326.64,-0.96,2466.0
2023-01-27 19:48:59.449541284,Tata,223.66,,2.38,293915.0
2023-01-28 10:26:55.346121768,Tata,1341.26,,2.05,347030.0
2023-01-29 01:04:51.242702252,Hyundai,910.71,122379.87,-0.77,329055.0
2023-01-29 15:42:47.139282735,Audi,1034.7,198273.02,-1.53,230638.0
2023-01-30 06:20:43.035863219,BMW,1194.3,887037.98,,414962.0
,BMW,772.74,646165.0,-2.36,89422.0
2023-01-31 11:36:34.829024186,Audi,176.03,286620.88,-2.95,454955.0
2023-02-01 02:14:30.725604670,BMW,828.8,816130.99,-0.17,492403.0
2023-02-01 16:52:26.622185154,Ford,900.92,861508.63,-2.31,336513.0
2023-02-02 07:30:22.518765638,Tata,1130.89,846667.82,-2.13,265037.0
2023-02-02 22:08:18.415346121,Audi,675.91,919007.61,1.57,293717.0
2023-02-03 12:46:14.311926605,Tata,234.99,252988.78,4.69,97907.0
2023-02-04 03:24:10.208507089,Hyundai,461.48,755286.89,1.04,435090.0
2023-02-04 18:02:06.105087573,Toyota,576.47,461078.96,-4.23,209434.0
2023-02-05 08:40:02.001668056,Ford,986.58,842156.55,-4.24,363100.0
,Mahindra,877.63,728762.19,4.51,219532.0
,,566.34,776671.0,-2.03,259093.0
2023-02-07 04:33:49.691409508,Audi,1480.45,656505.68,-4.08,381724.0
2023-02-07 19:11:45.587989991,Mahindra,928.37,178251.34,0.99,427583.0
2023-02-08 09:49:41.484570475,Toyota,393.98,545481.89,1.24,153271.0
,Audi,197.58,984685.07,1.49,354548.0
2023-02-09 15:05:33.277731442,Honda,271.65,937450.68,-2.33,206400.0
2023-02-10 05:43:29.174311926,Tata,406.64,44130.56,-4.85,320868.0
2023-02-10 20:21:25.070892410,Toyota,282.99,165650.0,4.65,349277.0
2023-02-11 10:59:20.967472894,Tata,320.52,132597.04,-2.49,168477.0
2023-02-12 01:37:16.864053377,BMW,463.39,726253.93,1.76,230304.0
2023-02-12 16:15:12.760633861,Honda,301.39,817967.54,2.07,16989.0
2023-02-13 06:53:08.657214345,Honda,1350.31,214297.85,1.1,292075.0
2023-02-13 21:31:04.553794829,Toyota,166.34,506346.84,-1.87,272434.0
2023-02-14 12:09:00.450375312,Honda,810.54,840862.32,-2.29,432583.0
2023-02-15 02:46:56.346955796,Mahindra,645.08,733068.74,0.98,122136.0
2023-02-15 17:24:52.243536280,Honda,1474.45,542694.97,3.66,343022.0
2023-02-16 08:02:48.140116764,,212.46,590757.34,4.47,353621.0
2023-02-16 22:40:44.036697247,Tata,626.89,508852.19,-3.94,473697.0
2023-02-17 13:18:39.933277731,Audi,1455.73,298250.9,-3.45,208370.0
2023-02-18 03:56:35.829858215,Tata,1304.99,565456.97,4.45,127299.0
2023-02-18 18:34:31.726438699,Audi,1234.75,689196.42,2.37,162205.0
2023-02-19 09:12:27.623019182,Tata,423.96,873449.59,3.83,244688.0
,Mahindra,297.79,636655.06,-2.97,106686.0
2023-02-20 14:28:19.416180150,Hyundai,1019.53,761360.42,0.88,421268.0
2023-02-21 05:06:15.312760633,Audi,1397.6,160911.56,2.01,370430.0
2023-02-21 19:44:11.209341117,Ford,857.31,462095.92,1.8,479705.0
2023-02-22 10:22:07.105921601,BMW,878.84,10322.29,-0.92,303619.0
2023-02-23 01:00:03.002502085,Toyota,455.97,247432.19,-4.85,83666.0
2023-02-23 15:37:58.899082569,Tata,1165.76,726735.25,0.83,
2023-02-24 06:15:54.795663052,Honda,321.21,991818.14,-2.47,189728.0
2023-02-24 20:53:50.692243536,Hyundai,519.33,100078.92,,136705.0
2023-02-25 11:31:46.588824020,Tata,666.88,402092.82,4.58,411520.0
2023-02-26 02:09:42.485404504,Honda,786.04,800270.9,-1.01,108573.0
2023-02-26 16:47:38.381984987,,401.49,204831.6,3.4,229892.0
2023-02-27 07:25:34.278565471,BMW,,555529.86,-3.11,309690.0
2023-02-27 22:03:30.175145955,BMW,935.4,733338.22,1.72,270152.0
2023-02-28 12:41:26.071726438,Honda,,616369.46,4.77,311435.0
2023-03-01 03:19:21.968306922,Tata,,188836.71,-3.98,159477.0
2023-03-01 17:57:17.864887406,BMW,273.83,356029.18,-4.92,
2023-03-02 08:35:13.761467890,Mahindra,747.65,784007.99,-0.66,299530.0
2023-03-02 23:13:09.658048373,Audi,822.25,554672.29,-4.07,91909.0
2023-03-03 13:51:05.554628857,Honda,125.14,,2.48,152899.0
2023-03-04 04:29:01.451209341,Honda,538.08,761229.77,4.15,296184.0
,Tata,244.9,36276.04,-0.66,61354.0
2023-03-05 09:44:53.244370308,Honda,141.89,745988.05,-2.41,341687.0
2023-03-06 00:22:49.140950792,Honda,1485.44,203278.08,-0.66,19157.0
2023-03-06 15:00:45.037531276,BMW,517.41,958115.41,2.23,491909.0
2023-03-07 05:38:40.934111760,Tata,,,-4.91,36315.0
2023-03-07 20:16:36.830692243,BMW,419.23,327604.68,0.89,299076.0
2023-03-08 10:54:32.727272727,,1038.18,149739.16,1.13,415380.0
2023-03-09 01:32:28.623853211,Hyundai,1152.33,306298.61,1.38,146486.0
2023-03-09 16:10:24.520433695,Audi,913.68,876774.11,-2.58,259669.0
2023-03-10 06:48:20.417014178,Hyundai,733.79,996338.0,2.14,408543.0
2023-03-10 21:26:16.313594662,BMW,647.17,368941.22,-4.09,377024.0
2023-03-11 12:04:12.210175146,Audi,555.86,449162.02,-3.01,133018.0
2023-03-12 02:42:08.106755629,Tata,,,3.77,277837.0
2023-03-12 17:20:04.003336113,Toyota,1254.4,886309.58,2.39,290385.0
2023-03-13 07:57:59.899916597,BMW,1449.29,593451.29,-4.86,378338.0
2023-03-13 22:35:55.796497081,Hyundai,230.23,392134.17,-2.52,96790.0
2023-03-14 13:13:51.693077564,Mahindra,1109.76,413209.22,-2.86,409756.0
2023-03-15 03:51:47.589658048,Hyundai,1410.59,695922.53,-2.29,73255.0
2023-03-15 18:29:43.486238532,Mahindra,312.79,4215.05,-2.52,196829.0
2023-03-16 09:07:39.382819016,Honda,146.42,619969.75,-4.37,173275.0
2023-03-16 23:45:35.279399499,,1124.62,356137.52,-0.41,419297.0
2023-03-17 14:23:31.175979983,Mahindra,882.99,794403.13,2.33,
2023-03-18 05:01:27.072560467,Hyundai,1270.65,93897.65,1.07,262439.0
2023-03-18 19:39:22.969140951,Honda,252.67,588614.06,1.73,12350.0
2023-03-19 10:17:18.865721434,Toyota,1203.14,481491.92,-4.19,187584.0
2023-03-20 00:55:14.762301918,Tata,342.36,642683.2,4.51,319953.0
2023-03-20 15:33:10.658882402,Tata,287.3,65788.74,3.38,102894.0
2023-03-21 06:11:06.555462885,Tata,288.19,580403.8,3.05,360701.0
2023-03-21 20:49:02.452043369,Mahindra,1231.13,561923.1,3.23,437048.0
2023-03-22 11:26:58.348623853,Toyota,1014.54,561099.43,4.33,422585.0
2023-03-23 02:04:54.245204337,Mahindra,808.44,603884.18,0.44,32728.0
2023-03-23 16:42:50.141784820,Audi,570.3,676791.47,-3.0,280720.0
,Mahindra,1321.94,805184.01,1.17,423217.0
2023-03-24 21:58:41.934945788,Toyota,,270550.9,2.43,84384.0
2023-03-25 12:36:37.831526272,Toyota,1234.07,825224.36,2.38,1390.0
2023-03-26 03:14:33.728106755,Audi,686.75,498757.43,0.21,481751.0
2023-03-26 17:52:29.624687239,Toyota,596.57,77981.22,-4.32,308580.0
2023-03-27 08:30:25.521267723,Hyundai,720.89,59492.38,-1.29,12569.0
,Toyota,487.0,334904.08,4.21,407245.0
2023-03-28 13:46:17.314428690,Tata,1134.03,785112.08,0.84,23490.0
2023-03-29 04:24:13.211009174,Hyundai,778.94,707973.25,0.38,309019.0
2023-03-29 19:02:09.107589658,Hyundai,386.71,788826.35,-2.31,
2023-03-30 09:40:05.004170141,Audi,1354.38,517751.79,-1.32,269011.0
2023-03-31 00:18:00.900750625,Ford,606.64,440758.8,3.95,81820.0
2023-03-31 14:55:56.797331109,Ford,838.15,148305.07,,362659.0
2023-04-01 05:33:52.693911593,Toyota,1364.38,328864.56,2.87,272265.0
2023-04-01 20:11:48.590492076,Hyundai,955.15,434585.35,-0.46,2539.0
2023-04-02 10:49:44.487072560,Ford,219.5,89511.83,1.3,485240.0
2023-04-03 01:27:40.383653044,Ford,1412.76,221391.34,,411243.0
2023-04-03 16:05:36.280233528,Toyota,960.18,598627.07,2.05,390546.0
2023-04-04 06:43:32.176814011,Ford,535.61,735927.45,-0.72,337373.0
2023-04-04 21:21:28.073394495,Mahindra,251.94,998349.16,-0.57,403137.0
2023-04-05 11:59:23.969974979,Honda,1201.34,933180.22,1.49,313579.0
2023-04-06 02:37:19.866555463,Audi,949.11,642922.63,4.36,404526.0
2023-04-06 17:15:15.763135946,Honda,823.52,421826.81,-4.36,64965.0
2023-04-07 07:53:11.659716430,Toyota,1346.14,636541.19,3.25,374192.0
2023-04-07 22:31:07.556296914,Tata,1193.47,785865.97,-2.08,359588.0
2023-04-08 13:09:03.452877398,Audi,269.93,119217.85,-0.56,333066.0
2023-04-09 03:46:59.349457881,Toyota,502.0,410494.98,-4.78,98799.0
2023-04-09 18:24:55.246038365,Hyundai,410.31,839962.48,-1.99,94948.0
2023-04-10 09:02:51.142618849,Tata,1128.72,384449.12,0.03,477055.0
2023-04-10 23:40:47.039199332,Honda,98.62,572300.4,-4.44,144314.0
2023-04-11 14:18:42.935779816,Toyota,876.34,588181.59,-0.09,249099.0
2023-04-12 04:56:38.832360300,Hyundai,1155.57,185291.78,,272091.0
2023-04-12 19:34:34.728940784,Audi,1321.31,362873.21,-3.95,244322.0
2023-04-13 10:12:30.625521267,Audi,546.02,335176.78,2.64,
2023-04-14 00:50:26.522101751,BMW,1240.82,27170.51,-0.9,235778.0
2023-04-14 15:28:22.418682235,Hyundai,210.42,25167.57,1.55,256821.0
2023-04-15 06:06:18.315262718,Mahindra,1277.36,831865.35,-2.4,193888.0
2023-04-15 20:44:14.211843202,Ford,234.86,273797.74,-3.41,311929.0
2023-04-16 11:22:10.108423686,Tata,626.07,518560.69,,383107.0
,Hyundai,1206.08,299426.85,-4.3,263651.0
2023-04-17 16:38:01.901584654,BMW,267.38,940738.57,-3.14,461188.0
2023-04-18 07:15:57.798165138,Ford,382.41,260037.46,1.64,
2023-04-18 21:53:53.694745620,Ford,1097.27,430227.16,3.82,12618.0
2023-04-19 12:31:49.591326104,,1094.05,872857.52,3.14,337430.0
2023-04-20 03:09:45.487906588,Ford,979.66,842091.63,1.85,279266.0
2023-04-20 17:47:41.384487072,Mahindra,1056.23,186915.32,-3.9,139426.0
2023-04-21 08:25:37.281067556,Audi,836.95,802840.67,-2.11,372742.0
2023-04-21 23:03:33.177648040,BMW,415.11,458728.7,-1.9,425195.0
2023-04-22 13:41:29.074228524,Ford,551.26,483485.9,-2.5,87436.0
2023-04-23 04:19:24.970809008,Toyota,,134346.49,0.15,211448.0
2023-04-23 18:57:20.867389490,Mahindra,1367.25,81520.91,0.36,446990.0
2023-04-24 09:35:16.763969974,Honda,895.92,728211.37,-1.43,
2023-04-25 00:13:12.660550458,Audi,631.23,496964.69,-1.46,137109.0
2023-04-25 14:51:08.557130942,Audi,719.91,437413.85,3.29,29633.0
,BMW,,729778.72,2.89,287639.0
2023-04-26 20:07:00.350291910,Audi,272.36,765747.39,-1.92,327694.0
2023-04-27 10:44:56.246872394,Ford,900.03,159749.26,4.14,
2023-04-28 01:22:52.143452876,Toyota,783.54,610614.92,4.53,299627.0
2023-04-28 16:00:48.040033360,Audi,936.61,136218.73,-1.73,376325.0
2023-04-29 06:38:43.936613844,Audi,,751623.71,-1.46,467589.0
2023-04-29 21:16:39.833194328,Honda,1314.58,657298.2,0.06,297213.0
2023-04-30 11:54:35.729774812,Honda,,956658.01,4.41,139442.0
2023-05-01 02:32:31.626355296,Tata,869.44,69889.06,3.76,120873.0
2023-05-01 17:10:27.522935780,Mahindra,1060.14,57997.67,-3.97,379987.0
2023-05-02 07:48:23.419516264,Ford,1387.62,282904.89,-1.07,72947.0
2023-05-02 22:26:19.316096746,Audi,1075.5,262443.98,0.53,171205.0
,Hyundai,271.18,247731.82,,228107.0
2023-05-04 03:42:11.109257714,Audi,885.62,906348.33,-3.06,
2023-05-04 18:20:07.005838198,Toyota,929.74,250296.65,3.59,376897.0
2023-05-05 08:58:02.902418682,Tata,664.99,272677.78,1.77,394908.0
2023-05-05 23:35:58.798999166,Mahindra,1117.84,759638.86,3.38,29926.0
2023-05-06 14:13:54.695579650,Hyundai,1404.83,450290.1,3.59,362926.0
2023-05-07 04:51:50.592160134,Tata,1392.07,776933.85,2.48,
2023-05-07 19:29:46.488740616,BMW,703.72,66300.79,-0.61,337128.0
2023-05-08 10:07:42.385321100,Mahindra,214.2,488083.62,1.11,437606.0
2023-05-09 00:45:38.281901584,Audi,1478.02,34579.99,-3.4,50593.0
2023-05-09 15:23:34.178482068,Audi,1266.4,63590.55,1.74,338753.0
2023-05-10 06:01:30.075062552,Mahindra,230.76,906531.02,-3.21,495166.0
2023-05-10 20:39:25.971643036,Audi,1385.22,140106.13,1.94,6209.0
2023-05-11 11:17:21.868223520,Ford,1311.35,532888.26,-2.7,127700.0
2023-05-12 01:55:17.764804002,Mahindra,802.32,411684.51,-3.82,400749.0
2023-05-12 16:33:13.661384486,Tata,907.35,347995.98,-3.35,87597.0
2023-05-13 07:11:09.557964970,Mahindra,628.55,899933.51,-4.98,270355.0
2023-05-13 21:49:05.454545454,Hyundai,129.4,,2.19,10927.0
2023-05-14 12:27:01.351125938,Audi,536.04,664125.9,2.32,209535.0
2023-05-15 03:04:57.247706422,Ford,1214.14,963431.04,0.15,118333.0
2023-05-15 17:42:53.144286906,Ford,56.72,560608.02,-3.39,156666.0
2023-05-16 08:20:49.040867390,BMW,533.57,936885.64,-4.16,206924.0
2023-05-16 22:58:44.937447872,Tata,627.34,53205.62,-4.81,209785.0
2023-05-17 13:36:40.834028356,Honda,829.22,419374.53,-3.34,339526.0
2023-05-18 04:14:36.730608840,Honda,1383.79,260897.63,3.91,140005.0
2023-05-18 18:52:32.627189324,Mahindra,552.2,731090.14,-2.58,104780.0
2023-05-19 09:30:28.523769808,BMW,553.08,981315.79,-1.46,41696.0
2023-05-20 00:08:24.420350292,Toyota,1119.38,257273.53,-3.95,197521.0
,Mahindra,705.72,,-2.78,330760.0
2023-05-21 05:24:16.213511258,BMW,375.68,198899.54,0.19,400305.0
2023-05-21 20:02:12.110091742,Tata,,565764.92,1.08,450764.0
,Tata,254.24,464468.55,-2.55,158195.0
,Tata,305.76,972033.32,-4.42,402013.0
2023-05-23 15:55:59.799833194,Tata,772.63,608918.75,-1.09,51013.0
2023-05-24 06:33:55.696413678,Tata,657.44,350156.87,-2.66,402562.0
2023-05-24 21:11:51.592994162,BMW,1376.53,114981.69,-2.8,217486.0
2023-05-25 11:49:47.489574646,BMW,575.47,,4.6,427888.0
2023-05-26 02:27:43.386155128,Ford,891.85,226091.61,1.16,411869.0
,Hyundai,966.78,251715.69,0.57,
2023-05-27 07:43:35.179316096,Honda,68.99,850765.44,-0.84,386867.0
2023-05-27 22:21:31.075896580,Audi,1012.13,,-0.71,240350.0
2023-05-28 12:59:26.972477064,Tata,308.15,523867.52,0.41,27140.0
2023-05-29 03:37:22.869057548,Toyota,1443.55,115654.1,,264328.0
2023-05-29 18:15:18.765638032,Audi,265.56,860279.55,2.02,428709.0
2023-05-30 08:53:14.662218514,BMW,651.2,723091.49,-3.28,438364.0
2023-05-30 23:31:10.558798998,Toyota,173.76,,0.0,156918.0
2023-05-31 14:09:06.455379482,Toyota,,708127.26,-0.88,112361.0
2023-06-01 04:47:02.351959966,,778.18,543994.68,,154267.0
2023-06-01 19:24:58.248540450,Ford,913.31,82643.62,1.31,
2023-06-02 10:02:54.145120934,BMW,147.26,458842.34,0.33,
2023-06-03 00:40:50.041701418,Toyota,1137.44,485211.59,-3.85,17555.0
2023-06-03 15:18:45.938281902,Tata,354.36,166608.77,1.06,91385.0
2023-06-04 05:56:41.834862384,,1352.18,945752.45,-3.83,412906.0
2023-06-04 20:34:37.731442868,Toyota,347.45,850125.4,-1.63,321646.0
2023-06-05 11:12:33.628023352,Ford,,669353.31,-3.57,
,Audi,103.0,462833.27,1.92,443065.0
2023-06-06 16:28:25.421184320,BMW,734.5,412353.78,-2.94,158419.0
2023-06-07 07:06:21.317764804,Hyundai,,651322.49,-1.08,230797.0
2023-06-07 21:44:17.214345288,Ford,145.28,545886.44,3.96,
2023-06-08 12:22:13.110925770,Toyota,1174.52,63210.83,-2.96,92321.0
2023-06-09 03:00:09.007506254,BMW,707.27,512990.15,0.08,312200.0
,Mahindra,810.37,806597.21,-0.81,195923.0
2023-06-10 08:16:00.800667222,Toyota,689.11,459780.64,-4.82,99234.0
2023-06-10 22:53:56.697247706,,631.11,52904.62,2.93,475718.0
2023-06-11 13:31:52.593828190,Honda,861.48,786491.92,-4.31,228705.0
2023-06-12 04:09:48.490408674,Tata,275.1,202162.42,-0.26,475634.0
2023-06-12 18:47:44.386989158,Hyundai,313.8,259362.21,0.61,202283.0
2023-06-13 09:25:40.283569640,Audi,1299.59,165541.65,1.28,304994.0
2023-06-14 00:03:36.180150124,Ford,1421.87,330884.85,1.89,472761.0
2023-06-14 14:41:32.076730608,BMW,591.3,756994.75,-2.47,290987.0
,Hyundai,442.58,519866.47,-4.9,325464.0
2023-06-15 19:57:23.869891576,Hyundai,983.8,205676.39,2.23,30793.0
2023-06-16 10:35:19.766472060,Hyundai,642.66,877952.25,0.36,433732.0
2023-06-17 01:13:15.663052544,Toyota,86.81,879702.27,3.36,498623.0
2023-06-17 15:51:11.559633026,Tata,276.42,870707.85,3.21,149929.0
2023-06-18 06:29:07.456213510,Toyota,1088.16,239557.42,3.43,20627.0
2023-06-18 21:07:03.352793994,BMW,1005.44,451788.1,-0.15,324966.0
2023-06-19 11:44:59.249374478,Toyota,89.29,985004.67,-1.66,478317.0
,Honda,371.86,772240.46,2.92,223633.0
2023-06-20 17:00:51.042535446,Tata,385.06,28140.25,-0.49,446464.0
2023-06-21 07:38:46.939115930,Tata,1024.24,66139.39,-3.17,318942.0
2023-06-21 22:16:42.835696414,BMW,78.58,464467.45,3.55,225440.0
2023-06-22 12:54:38.732276896,Audi,,909310.99,3.83,176188.0
2023-06-23 03:32:34.628857380,Honda,1209.88,539163.1,-0.34,338462.0
2023-06-23 18:10:30.525437864,Ford,308.89,498314.7,-4.24,367330.0
2023-06-24 08:48:26.422018348,Toyota,996.48,106368.23,-1.12,259191.0
2023-06-24 23:26:22.318598832,Mahindra,395.37,657123.32,3.04,351046.0
2023-06-25 14:04:18.215179316,Toyota,194.19,822281.06,4.02,422773.0
,Hyundai,402.6,381039.59,-2.97,334478.0
2023-06-26 19:20:10.008340282,Toyota,1097.29,775836.24,,469379.0
2023-06-27 09:58:05.904920766,Ford,1290.76,964512.18,3.77,369863.0
2023-06-28 00:36:01.801501250,Toyota,1253.82,204562.69,-1.11,124099.0
2023-06-28 15:13:57.698081734,Honda,625.92,523806.3,0.42,210074.0
2023-06-29 05:51:53.594662218,Honda,1018.72,287850.82,4.68,174686.0
2023-06-29 20:29:49.491242702,Tata,,793061.56,-4.33,275864.0
2023-06-30 11:07:45.387823186,BMW,475.06,578015.77,,320752.0
2023-07-01 01:45:41.284403670,Audi,1349.69,634947.84,-4.26,108449.0
2023-07-01 16:23:37.180984152,Mahindra,68.85,798116.25,-1.25,
2023-07-02 07:01:33.077564636,Hyundai,173.99,396574.5,3.04,127613.0
2023-07-02 21:39:28.974145120,Toyota,,,-0.67,73095.0
2023-07-03 12:17:24.870725604,Toyota,88.47,533495.84,4.97,106924.0
2023-07-04 02:55:20.767306088,Ford,313.08,158796.87,0.59,478910.0
2023-07-04 17:33:16.663886572,BMW,,696203.22,-1.79,97452.0
2023-07-05 08:11:12.560467056,Honda,,793468.09,-2.8,88593.0
2023-07-05 22:49:08.457047538,Mahindra,1344.37,317444.92,-1.49,167964.0
2023-07-06 13:27:04.353628022,Tata,1235.29,857322.08,-1.27,370119.0
,Honda,545.64,906237.11,-4.31,340386.0
2023-07-07 18:42:56.146788990,Hyundai,426.16,277627.58,-1.3,379185.0
2023-07-08 09:20:52.043369474,BMW,600.55,983537.95,,127202.0
2023-07-08 23:58:47.939949958,Hyundai,905.93,141570.82,2.23,78606.0
2023-07-09 14:36:43.836530442,,438.69,202813.65,1.57,124769.0
2023-07-10 05:14:39.733110926,Tata,955.02,185040.61,2.09,119542.0
2023-07-10 19:52:35.629691408,Audi,643.65,894095.72,-4.92,369582.0
2023-07-11 10:30:31.526271892,Ford,850.47,654638.26,-2.82,264068.0
2023-07-12 01:08:27.422852376,Hyundai,682.38,152952.18,1.62,52322.0
2023-07-12 15:46:23.319432860,Ford,476.98,440883.09,-0.16,158550.0
2023-07-13 06:24:19.216013344,,1425.26,615682.73,-4.95,72042.0
2023-07-13 21:02:15.112593828,Audi,1157.23,84380.62,3.04,
2023-07-14 11:40:11.009174312,BMW,253.16,882533.95,2.73,456433.0
2023-07-15 02:18:06.905754796,Hyundai,1309.28,803799.93,0.48,101699.0
2023-07-15 16:56:02.802335278,Mahindra,756.78,,-4.34,91140.0
2023-07-16 07:33:58.698915762,Tata,1347.1,967159.49,2.67,475062.0
,Honda,1209.79,418343.22,0.84,467978.0
2023-07-17 12:49:50.492076730,BMW,666.56,984126.21,2.82,12781.0
2023-07-18 03:27:46.388657214,BMW,82.58,668252.08,2.52,399731.0
2023-07-18 18:05:42.285237698,Ford,439.58,635036.6,3.03,380502.0
2023-07-19 08:43:38.181818182,Audi,835.37,166788.94,0.18,299277.0
2023-07-19 23:21:34.078398664,Hyundai,968.54,882045.83,-3.6,476724.0
2023-07-20 13:59:29.974979148,Hyundai,423.94,428062.2,1.71,98628.0
2023-07-21 04:37:25.871559632,Toyota,252.07,163071.17,1.2,77946.0
2023-07-21 19:15:21.768140116,Toyota,1260.65,13594.91,2.42,86058.0
2023-07-22 09:53:17.664720600,Tata,1477.38,560195.93,-3.3,403311.0
2023-07-23 00:31:13.561301084,Ford,812.25,527872.22,-3.05,482799.0
2023-07-23 15:09:09.457881568,BMW,298.93,719634.27,3.9,152542.0
2023-07-24 05:47:05.354462052,Hyundai,,890367.79,2.5,306273.0
2023-07-24 20:25:01.251042534,,76.67,80327.18,4.08,271675.0
2023-07-25 11:02:57.147623018,Ford,1375.73,731764.99,2.59,300182.0
2023-07-26 01:40:53.044203502,Tata,220.74,188224.53,0.97,351083.0
2023-07-26 16:18:48.940783986,Tata,885.95,858318.88,,43674.0
2023-07-27 06:56:44.837364470,Ford,447.38,819244.45,3.89,128572.0
2023-07-27 21:34:40.733944954,Tata,853.56,541252.96,0.79,226730.0
2023-07-28 12:12:36.630525436,Ford,994.56,710532.56,1.32,476692.0
2023-07-29 02:50:32.527105920,Honda,1253.13,315035.76,-3.44,292975.0
2023-07-29 17:28:28.423686404,Ford,349.31,471696.73,-0.26,58174.0
2023-07-30 08:06:24.320266888,Audi,65.94,821815.26,2.16,274423.0
2023-07-30 22:44:20.216847372,Ford,248.48,,-2.29,432436.0
2023-07-31 13:22:16.113427856,Tata,1355.03,358440.47,-2.98,323754.0
2023-08-01 04:00:12.010008340,Hyundai,1317.14,494718.23,,446935.0
2023-08-01 18:38:07.906588824,Audi,916.25,828421.0,-2.58,257008.0
2023-08-02 09:16:03.803169308,Tata,920.75,335872.84,-2.85,54051.0
2023-08-02 23:53:59.699749792,Toyota,1014.3,174587.83,-0.75,204085.0
2023-08-03 14:31:55.596330276,Toyota,304.29,712302.01,4.08,319796.0
2023-08-04 05:09:51.492910760,Hyundai,1375.9,826152.23,,66524.0
2023-08-04 19:47:47.389491240,Hyundai,657.22,101536.84,-3.12,477152.0
2023-08-05 10:25:43.286071724,Audi,605.55,240634.24,-4.23,269614.0
2023-08-06 01:03:39.182652208,Honda,802.43,,1.96,461814.0
2023-08-06 15:41:35.079232692,Hyundai,118.1,348593.47,-1.17,436014.0
2023-08-07 06:19:30.975813176,Toyota,291.11,450900.63,3.22,316617.0
2023-08-07 20:57:26.872393660,Ford,1120.15,749077.51,,414096.0
2023-08-08 11:35:22.768974144,Tata,170.06,651496.44,2.96,232189.0
2023-08-09 02:13:18.665554628,Toyota,924.57,621307.64,,45439.0
,Toyota,405.76,353022.57,1.92,277452.0
2023-08-10 07:29:10.458715596,Honda,614.48,841606.11,-2.36,
2023-08-10 22:07:06.355296080,Audi,468.61,471815.88,4.39,228328.0
2023-08-11 12:45:02.251876564,Audi,,979125.83,1.36,298225.0
2023-08-12 03:22:58.148457048,BMW,1092.62,634508.0,-1.75,207314.0
2023-08-12 18:00:54.045037532,Honda,480.83,127138.48,-2.3,444599.0
2023-08-13 08:38:49.941618016,Ford,871.29,,-3.09,10837.0
2023-08-13 23:16:45.838198496,Audi,740.27,325778.91,1.95,236207.0
2023-08-14 13:54:41.734778980,Tata,1012.32,686640.87,-2.81,446367.0
2023-08-15 04:32:37.631359464,Hyundai,1408.4,,0.95,119128.0
2023-08-15 19:10:33.527939948,Honda,1112.23,175706.56,-2.35,168896.0
,Hyundai,361.66,855881.52,1.62,165145.0
2023-08-17 00:26:25.321100916,Toyota,95.22,227952.38,3.15,375795.0
,Tata,430.28,837204.08,2.78,98624.0
2023-08-18 05:42:17.114261884,Tata,912.86,279996.81,,487864.0
2023-08-18 20:20:13.010842368,Toyota,124.57,643239.03,-3.12,420515.0
2023-08-19 10:58:08.907422852,Honda,769.73,694456.42,,494209.0
2023-08-20 01:36:04.804003336,Toyota,915.42,513142.1,1.99,190933.0
2023-08-20 16:14:00.700583820,Hyundai,534.65,306005.37,-1.32,31063.0
2023-08-21 06:51:56.597164304,BMW,1167.82,213431.73,-0.68,70453.0
2023-08-21 21:29:52.493744788,Tata,204.57,34156.17,-4.69,255371.0
2023-08-22 12:07:48.390325272,Mahindra,158.95,304642.45,-2.4,462688.0
,Mahindra,1105.87,653509.63,-4.66,103166.0
,Hyundai,768.46,938366.51,3.79,15506.0
2023-08-24 08:01:36.080066720,Ford,1048.18,871333.28,-2.57,226413.0
2023-08-24 22:39:31.976647204,Audi,680.5,766298.71,0.57,474070.0
2023-08-25 13:17:27.873227688,Toyota,407.28,788658.9,-4.61,114604.0
2023-08-26 03:55:23.769808172,Toyota,1237.7,665319.92,1.67,27026.0
2023-08-26 18:33:19.666388656,Ford,1209.15,261026.57,-1.77,421888.0
2023-08-27 09:11:15.562969140,Ford,1057.31,907287.84,3.98,432633.0
2023-08-27 23:49:11.459549624,Hyundai,444.61,671061.58,3.88,315557.0
2023-08-28 14:27:07.356130108,Hyundai,905.83,560880.19,-1.75,256116.0
,Ford,573.41,111878.48,4.01,328210.0
2023-08-29 19:42:59.149291076,Tata,182.79,447608.49,4.96,191285.0
2023-08-30 10:20:55.045871560,Hyundai,1380.1,460897.91,3.25,51971.0
2023-08-31 00:58:50.942452044,BMW,248.39,864699.05,3.45,421497.0
2023-08-31 15:36:46.839032528,Hyundai,1427.84,547101.57,-2.51,114978.0
2023-09-01 06:14:42.735613012,Toyota,696.71,381020.15,0.77,160163.0
2023-09-01 20:52:38.632193492,Hyundai,318.44,976823.53,-4.33,313638.0
2023-09-02 11:30:34.528773976,,835.76,111609.87,-4.05,104864.0
2023-09-03 02:08:30.425354460,Ford,1315.77,423125.88,4.99,412826.0
2023-09-03 16:46:26.321934944,Toyota,1111.73,42982.65,-1.73,395295.0
2023-09-04 07:24:22.218515428,Hyundai,1219.51,740164.22,2.48,96386.0
2023-09-04 22:02:18.115095912,Tata,1005.24,918158.48,3.07,440967.0
2023-09-05 12:40:14.011676396,BMW,,280757.29,3.58,87126.0
2023-09-06 03:18:09.908256880,Hyundai,1281.33,858483.34,4.98,449648.0
2023-09-06 17:56:05.804837364,Tata,412.02,292926.01,-2.59,163023.0
2023-09-07 08:34:01.701417848,BMW,759.67,910859.39,-4.6,81863.0
2023-09-07 23:11:57.597998332,Ford,370.75,754207.94,-0.89,341435.0
2023-09-08 13:49:53.494578816,Hyundai,1482.12,805101.87,-3.7,126659.0
2023-09-09 04:27:49.391159300,BMW,1418.89,18988.55,-4.78,191944.0
2023-09-09 19:05:45.287739784,Toyota,107.17,962847.55,-1.4,8235.0
2023-09-10 09:43:41.184320268,Ford,1073.08,726944.32,2.84,345877.0
2023-09-11 00:21:37.080900748,Toyota,1391.61,305446.34,0.66,63712.0
2023-09-11 14:59:32.977481232,Mahindra,311.83,829565.27,-1.87,153545.0
2023-09-12 05:37:28.874061716,Honda,873.52,282239.68,1.54,199639.0
2023-09-12 20:15:24.770642200,Hyundai,1377.46,872881.09,-2.68,238890.0
2023-09-13 10:53:20.667222684,BMW,99.22,113467.81,-4.86,126849.0
2023-09-14 01:31:16.563803168,Honda,1061.26,703982.29,2.64,256493.0
2023-09-14 16:09:12.460383652,Honda,481.16,541157.78,1.24,80823.0
2023-09-15 06:47:08.356964136,BMW,1390.37,97437.94,2.62,105215.0
2023-09-15 21:25:04.253544620,Ford,1458.03,,-4.61,242071.0
2023-09-16 12:03:00.150125104,Hyundai,,13391.63,3.37,33230.0
2023-09-17 02:40:56.046705588,Mahindra,737.61,469299.2,1.2,347717.0
2023-09-17 17:18:51.943286072,Toyota,1299.96,301964.0,0.63,224660.0
2023-09-18 07:56:47.839866556,Tata,1274.6,598759.13,1.25,463092.0
2023-09-18 22:34:43.736447040,Toyota,512.7,297940.57,3.64,303788.0
2023-09-19 13:12:39.633027524,Tata,,300619.19,,180736.0
2023-09-20 03:50:35.529608004,Toyota,103.66,743450.01,0.81,308347.0
2023-09-20 18:28:31.426188488,BMW,914.59,49094.69,,329821.0
2023-09-21 09:06:27.322768972,Mahindra,,902992.1,2.57,419641.0
2023-09-21 23:44:23.219349456,Hyundai,224.82,852411.61,-0.58,124246.0
2023-09-22 14:22:19.115929940,,161.58,668136.88,2.07,
2023-09-23 05:00:15.012510424,Hyundai,1059.62,593628.35,-1.11,239657.0
2023-09-23 19:38:10.909090908,Hyundai,542.82,892410.2,-2.71,218033.0
2023-09-24 10:16:06.805671392,,1100.91,186144.85,0.97,232414.0
2023-09-25 00:54:02.702251876,Audi,144.77,79890.19,4.28,257812.0
2023-09-25 15:31:58.598832360,Ford,507.17,240270.66,4.29,491865.0
2023-09-26 06:09:54.495412844,Toyota,832.26,794783.7,-1.58,332950.0
2023-09-26 20:47:50.391993328,Hyundai,1196.55,35635.6,,305958.0
2023-09-27 11:25:46.288573812,Toyota,512.19,583224.03,-2.88,71219.0
2023-09-28 02:03:42.185154296,Hyundai,957.54,995442.08,4.96,443862.0
2023-09-28 16:41:38.081734780,Tata,1334.67,855840.4,4.81,171956.0
2023-09-29 07:19:33.978315260,Ford,943.0,,1.5,358489.0
2023-09-29 21:57:29.874895744,Ford,387.79,,3.04,258134.0
2023-09-30 12:35:25.771476228,BMW,85.38,831542.14,2.15,363232.0
2023-10-01 03:13:21.668056712,Audi,1311.64,599379.53,0.93,332466.0
2023-10-01 17:51:17.564637196,BMW,80.84,115818.06,-4.47,22650.0
2023-10-02 08:29:13.461217680,,1318.32,94763.43,-0.45,357386.0
2023-10-02 23:07:09.357798164,BMW,816.96,909717.19,1.75,403406.0
2023-10-03 13:45:05.254378648,BMW,1411.65,,1.78,301340.0
2023-10-04 04:23:01.150959132,BMW,1208.24,829457.51,-1.27,171521.0
2023-10-04 19:00:57.047539616,Mahindra,1497.0,879099.92,4.42,171733.0
,Ford,558.53,572200.58,-3.33,292853.0
2023-10-06 00:16:48.840700584,BMW,1162.42,517928.91,0.0,
2023-10-06 14:54:44.737281068,Hyundai,632.8,430996.98,1.91,81428.0
2023-10-07 05:32:40.633861552,Ford,745.82,317629.64,1.97,207251.0
2023-10-07 20:10:36.530442036,Ford,959.88,435161.36,1.49,10943.0
2023-10-08 10:48:32.427022516,Honda,1316.83,,-2.25,175312.0
2023-10-09 01:26:28.323603000,Mahindra,1476.92,602321.51,-3.44,439976.0
2023-10-09 16:04:24.220183484,BMW,1164.0,892630.77,1.36,22042.0
2023-10-10 06:42:20.116763968,Toyota,655.76,443936.63,0.99,253842.0
2023-10-10 21:20:16.013344452,,660.97,607482.49,-3.21,307038.0
2023-10-11 11:58:11.909924936,Audi,1119.49,631676.25,2.05,401085.0
2023-10-12 02:36:07.806505420,Hyundai,396.23,592105.47,-0.45,455294.0
2023-10-12 17:14:03.703085904,Toyota,210.19,702931.14,1.68,319903.0
2023-10-13 07:51:59.599666388,Mahindra,564.2,238196.03,3.37,369117.0
2023-10-13 22:29:55.496246872,Tata,466.5,512851.41,-3.3,307450.0
2023-10-14 13:07:51.392827356,Mahindra,479.65,105120.58,-4.81,371513.0
2023-10-15 03:45:47.289407840,Hyundai,,385126.82,2.79,187443.0
2023-10-15 18:23:43.185988324,Ford,111.04,488179.4,1.1,152990.0
2023-10-16 09:01:39.082568808,Tata,,652572.04,2.0,291523.0
2023-10-16 23:39:34.979149292,Ford,,950580.52,3.38,383811.0
2023-10-17 14:17:30.875729772,Hyundai,670.27,601050.42,3.03,485026.0
2023-10-18 04:55:26.772310256,Toyota,607.27,743850.32,4.61,215304.0
2023-10-18 19:33:22.668890740,Hyundai,1035.49,506759.79,0.36,397178.0
2023-10-19 10:11:18.565471224,Toyota,366.47,634469.93,-0.12,145923.0
2023-10-20 00:49:14.462051708,Tata,1427.44,71861.28,-0.98,380770.0
2023-10-20 15:27:10.358632192,Tata,1190.2,255137.19,-3.46,
2023-10-21 06:05:06.255212676,BMW,179.65,362491.24,0.73,388324.0
2023-10-21 20:43:02.151793160,Mahindra,655.49,473020.86,-2.23,315493.0
2023-10-22 11:20:58.048373644,,,46603.1,4.21,202904.0
2023-10-23 01:58:53.944954128,Mahindra,1419.86,140884.07,0.83,188428.0
2023-10-23 16:36:49.841534612,BMW,727.73,277537.49,0.93,146817.0
2023-10-24 07:14:45.738115096,Ford,939.45,971561.16,-1.45,6730.0
2023-10-24 21:52:41.634695580,Tata,292.2,332015.66,-4.48,408137.0
,Toyota,1487.19,482559.02,-4.68,230502.0
2023-10-26 03:08:33.427856548,Mahindra,385.92,196901.62,-0.77,203210.0
2023-10-26 17:46:29.324437028,Hyundai,1416.96,611169.29,-4.15,215183.0
2023-10-27 08:24:25.221017512,Mahindra,991.99,281402.53,1.07,20023.0
2023-10-27 23:02:21.117597996,Toyota,931.22,207785.59,3.81,439565.0
2023-10-28 13:40:17.014178480,BMW,793.4,517056.06,3.83,127796.0
2023-10-29 04:18:12.910758964,Mahindra,384.47,6500.29,1.59,344677.0
2023-10-29 18:56:08.807339448,Audi,305.97,8656.37,,346430.0
2023-10-30 09:34:04.703919932,Ford,369.71,219849.74,3.63,305123.0
2023-10-31 00:12:00.600500416,Tata,320.34,37684.64,,285981.0
2023-10-31 14:49:56.497080900,Toyota,1180.4,108917.73,-3.03,409213.0
2023-11-01 05:27:52.393661384,Tata,557.68,,2.37,368119.0
2023-11-01 20:05:48.290241868,Audi,133.87,802783.09,-2.13,482819.0
2023-11-02 10:43:44.186822352,Mahindra,1455.2,572476.59,3.03,177111.0
2023-11-03 01:21:40.083402836,Mahindra,1331.49,513155.06,4.97,21923.0
2023-11-03 15:59:35.979983320,Hyundai,1395.24,294195.33,-4.7,272020.0
2023-11-04 06:37:31.876563804,Audi,1492.62,931821.97,3.97,
2023-11-04 21:15:27.773144284,Toyota,302.15,397618.03,,397103.0
2023-11-05 11:53:23.669724768,Hyundai,624.55,88005.67,4.73,195795.0
2023-11-06 02:31:19.566305252,Ford,1149.45,617449.45,-0.35,305566.0
2023-11-06 17:09:15.462885736,Hyundai,1059.23,114724.56,3.47,234462.0
2023-11-07 07:47:11.359466220,Honda,273.15,345877.92,,52413.0
2023-11-07 22:25:07.256046704,Toyota,1232.96,507904.53,-1.65,365628.0
2023-11-08 13:03:03.152627188,Honda,375.44,874348.3,-4.33,397057.0
2023-11-09 03:40:59.049207672,Audi,374.54,494053.03,,256719.0
2023-11-09 18:18:54.945788156,BMW,828.61,702556.51,3.17,29756.0
2023-11-10 08:56:50.842368640,Honda,909.76,992824.02,,334720.0
2023-11-10 23:34:46.738949124,Ford,891.13,132357.63,4.38,119248.0
2023-11-11 14:12:42.635529608,Hyundai,,275456.79,-4.15,273448.0
2023-11-12 04:50:38.532110092,BMW,1322.32,395181.5,-1.14,31341.0
2023-11-12 19:28:34.428690576,Hyundai,,422406.35,,398974.0
2023-11-13 10:06:30.325271060,Honda,237.8,411610.05,-2.89,411226.0
2023-11-14 00:44:26.221851540,Hyundai,1338.68,907703.39,-2.71,128039.0
2023-11-14 15:22:22.118432024,Audi,1435.69,714318.61,-0.31,192830.0
2023-11-15 06:00:18.015012508,BMW,1300.09,608297.31,-2.31,163730.0
2023-11-15 20:38:13.911592992,Audi,1223.8,310063.35,-3.99,181074.0
2023-11-16 11:16:09.808173476,Honda,1000.1,823966.59,-3.33,235390.0
2023-11-17 01:54:05.704753960,Audi,848.74,955105.45,-3.53,133447.0
2023-11-17 16:32:01.601334444,Ford,176.13,821377.08,4.73,100485.0
2023-11-18 07:09:57.497914928,Honda,,2563.54,2.59,285236.0
2023-11-18 21:47:53.394495412,Honda,590.4,636764.97,4.68,132562.0
2023-11-19 12:25:49.291075896,Honda,426.64,52084.25,-0.6,4729.0
2023-11-20 03:03:45.187656380,Toyota,1098.96,258349.61,-2.22,138046.0
2023-11-20 17:41:41.084236864,Hyundai,769.02,,2.98,119222.0
2023-11-21 08:19:36.980817348,Toyota,167.52,604191.66,-1.74,348360.0
2023-11-21 22:57:32.877397832,Toyota,369.27,686903.32,-2.01,84860.0
2023-11-22 13:35:28.773978316,Ford,1040.73,115373.15,-2.67,259360.0
2023-11-23 04:13:24.670558796,BMW,,384455.04,-3.7,360014.0
2023-11-23 18:51:20.567139280,Hyundai,1284.25,456780.27,,22398.0
2023-11-24 09:29:16.463719764,Audi,767.96,369683.97,-1.45,
2023-11-25 00:07:12.360300248,Mahindra,746.85,121903.98,1.74,415508.0
2023-11-25 14:45:08.256880732,Honda,908.99,419528.84,-4.37,495507.0
2023-11-26 05:23:04.153461216,Audi,1245.79,751426.87,-2.89,104889.0
2023-11-26 20:01:00.050041700,Honda,554.32,71936.66,3.09,266303.0
2023-11-27 10:38:55.946622184,Ford,1033.12,81099.83,-3.53,361306.0
2023-11-28 01:16:51.843202668,Honda,870.31,355416.52,-1.57,456982.0
2023-11-28 15:54:47.739783152,Toyota,437.19,941783.99,3.65,226959.0
2023-11-29 06:32:43.636363636,Hyundai,1324.01,668904.07,-3.45,103834.0
2023-11-29 21:10:39.532944120,Mahindra,1206.27,678991.29,-4.17,411281.0
2023-11-30 11:48:35.429524604,Tata,1004.76,362558.07,-0.15,22638.0
2023-12-01 02:26:31.326105088,Honda,1283.34,,-1.98,264217.0
2023-12-01 17:04:27.222685572,,1307.58,11121.05,0.63,440727.0
2023-12-02 07:42:23.119266052,Toyota,1077.13,636459.95,3.04,216379.0
2023-12-02 22:20:19.015846536,Tata,1263.67,913373.66,-3.63,233069.0
2023-12-03 12:58:14.912427020,Mahindra,1061.33,612960.89,0.81,30320.0
2023-12-04 03:36:10.809007504,Tata,1036.2,873824.89,0.06,464092.0
2023-12-04 18:14:06.705587988,Toyota,946.99,724249.08,-3.56,35924.0
2023-12-05 08:52:02.602168472,Hyundai,,121437.86,,213792.0
2023-12-05 23:29:58.498748956,Hyundai,279.98,902550.85,-2.26,434950.0
2023-12-06 14:07:54.395329440,BMW,1327.26,67377.4,-0.12,331260.0
2023-12-07 04:45:50.291909924,Hyundai,1314.17,534433.51,-4.18,172097.0
2023-12-07 19:23:46.188490408,BMW,92.41,142994.99,-0.4,488719.0
2023-12-08 10:01:42.085070892,Tata,1247.43,12694.9,-1.94,3159.0
2023-12-09 00:39:37.981651376,Ford,236.86,422612.23,3.22,49940.0
2023-12-09 15:17:33.878231860,Audi,535.92,295745.67,-4.43,80436.0
2023-12-10 05:55:29.774812344,Audi,1128.09,486514.49,-0.81,471192.0
2023-12-10 20:33:25.671392828,Tata,283.1,577622.69,-0.42,15678.0
2023-12-11 11:11:21.567973308,Honda,1236.05,44695.33,2.25,193147.0
2023-12-12 01:49:17.464553792,Honda,1256.59,123880.29,0.74,441420.0
2023-12-12 16:27:13.361134276,Hyundai,785.83,559083.75,1.67,406237.0
2023-12-13 07:05:09.257714760,Audi,59.26,343824.19,2.77,138844.0
2023-12-13 21:43:05.154295244,Audi,466.21,,3.62,68163.0
2023-12-14 12:21:01.050875728,BMW,944.54,652639.36,-1.86,242040.0
2023-12-15 02:58:56.947456212,Ford,1472.72,845758.76,0.38,205827.0
2023-12-15 17:36:52.844036696,Toyota,966.13,692800.33,3.4,155536.0
2023-12-16 08:14:48.740617180,Honda,426.72,430501.15,4.89,52137.0
,Audi,969.31,673293.66,3.9,424448.0
2023-12-17 13:30:40.533778148,BMW,832.98,276105.79,-1.29,324641.0
2023-12-18 04:08:36.430358632,Mahindra,1180.78,307007.19,-3.05,468240.0
2023-12-18 18:46:32.326939116,BMW,205.12,789196.17,-0.11,101485.0
2023-12-19 09:24:28.223519600,Honda,1153.49,446973.1,2.42,241970.0
2023-12-20 00:02:24.120100084,Honda,834.84,798581.96,-0.07,445664.0
2023-12-20 14:40:20.016680564,BMW,1446.34,822599.95,-0.17,106468.0
2023-12-21 05:18:15.913261048,Toyota,545.71,857704.78,3.38,478733.0
2023-12-21 19:56:11.809841532,Tata,967.3,916718.6,-1.39,
2023-12-22 10:34:07.706422016,Honda,1401.44,431554.24,3.6,88980.0
2023-12-23 01:12:03.603002500,BMW,198.64,319547.95,-0.93,370738.0
2023-12-23 15:49:59.499582984,Audi,1408.98,582616.55,-1.72,477813.0
2023-12-24 06:27:55.396163468,BMW,1047.43,371801.25,-0.46,266025.0
2023-12-24 21:05:51.292743952,Ford,148.36,601473.09,2.62,293007.0
2023-12-25 11:43:47.189324436,Tata,486.4,705880.28,-3.74,243434.0
2023-12-26 02:21:43.085904920,Mahindra,1076.85,688716.61,-3.04,399838.0
2023-12-26 16:59:38.982485404,Toyota,147.66,375178.33,4.51,395594.0
2023-12-27 07:37:34.879065888,Hyundai,894.15,167693.34,-3.25,477384.0
2023-12-27 22:15:30.775646372,Mahindra,551.53,431098.81,0.68,488063.0
2023-12-28 12:53:26.672226856,,950.33,143451.55,0.79,203258.0
2023-12-29 03:31:22.568807340,Tata,116.33,,-0.1,308345.0
2023-12-29 18:09:18.465387820,Tata,1313.73,346531.58,1.45,252839.0
2023-12-30 08:47:14.361968304,Mahindra,1461.56,155305.29,-2.7,322395.0
2023-12-30 23:25:10.258548788,Audi,1454.87,26422.31,0.53,73572.0
2023-12-31 14:03:06.155129272,Tata,1137.0,646176.56,-1.28,40255.0
2024-01-01 04:41:02.051709756,BMW,238.63,637265.42,1.62,64212.0
2024-01-01 19:18:57.948290240,Mahindra,1149.48,341263.56,-3.59,313354.0
2024-01-02 09:56:53.844870724,Hyundai,85.65,72640.18,0.71,
2024-01-03 00:34:49.741451208,Tata,82.08,410219.27,-3.15,23499.0
2024-01-03 15:12:45.638031692,BMW,519.23,311906.28,-2.21,103552.0
2024-01-04 05:50:41.534612176,Audi,758.53,677443.52,-2.81,445844.0
,Ford,1167.09,606173.47,-3.17,62360.0
2024-01-05 11:06:33.327773144,Audi,1040.78,365229.13,,398819.0
2024-01-06 01:44:29.224353628,Hyundai,696.56,218674.66,-2.14,487525.0
2024-01-06 16:22:25.120934112,Tata,446.76,988047.93,4.27,390610.0
2024-01-07 07:00:21.017514596,Hyundai,1495.83,454547.62,4.7,348617.0
2024-01-07 21:38:16.914095076,Mahindra,,688585.96,0.71,144704.0
2024-01-08 12:16:12.810675560,Honda,704.51,141412.41,-3.57,162679.0
2024-01-09 02:54:08.707256044,Tata,,486104.11,-1.25,92873.0
2024-01-09 17:32:04.603836528,Honda,1202.47,28509.18,2.98,66756.0
2024-01-10 08:10:00.500417012,BMW,1055.84,,-1.33,441210.0
2024-01-10 22:47:56.396997496,Ford,370.12,964053.39,-4.13,195454.0
2024-01-11 13:25:52.293577980,Toyota,169.45,384822.51,0.57,464570.0
2024-01-12 04:03:48.190158464,Hyundai,1036.72,39957.02,3.45,319488.0
2024-01-12 18:41:44.086738948,Audi,999.04,31924.84,2.96,447991.0
2024-01-13 09:19:39.983319432,Ford,446.23,388598.77,-3.25,401565.0
2024-01-13 23:57:35.879899916,Tata,1428.75,160864.91,1.73,334298.0
2024-01-14 14:35:31.776480400,Honda,269.03,24328.74,-2.79,28464.0
2024-01-15 05:13:27.673060884,Audi,676.89,756457.4,-2.82,436840.0
,Honda,1418.24,459064.49,3.74,122897.0
2024-01-16 10:29:19.466221852,Mahindra,658.6,289955.53,-2.5,300488.0
2024-01-17 01:07:15.362802332,Honda,975.86,900183.1,-2.37,84791.0
2024-01-17 15:45:11.259382816,Mahindra,626.51,117022.82,-4.99,156371.0
2024-01-18 06:23:07.155963300,BMW,447.61,955962.91,3.71,180047.0
2024-01-18 21:01:03.052543784,Audi,1476.77,314652.75,2.93,133534.0
2024-01-19 11:38:58.949124268,Audi,643.53,888515.27,1.27,383353.0
2024-01-20 02:16:54.845704752,Toyota,1346.44,603339.93,2.5,82441.0
2024-01-20 16:54:50.742285236,Tata,383.43,826880.65,-3.48,353600.0
2024-01-21 07:32:46.638865720,Mahindra,359.0,984029.15,,344932.0
2024-01-21 22:10:42.535446204,Toyota,95.14,289117.03,-1.49,238612.0
2024-01-22 12:48:38.432026688,Honda,994.92,,-4.06,434797.0
2024-01-23 03:26:34.328607172,Honda,584.36,390092.41,-0.14,232444.0
2024-01-23 18:04:30.225187656,Toyota,1303.32,386126.39,4.21,465505.0
2024-01-24 08:42:26.121768140,Audi,736.15,341046.72,-4.6,499757.0
2024-01-24 23:20:22.018348624,Honda,1453.88,541866.2,-2.09,277319.0
2024-01-25 13:58:17.914929108,Hyundai,319.01,154990.9,-2.92,138263.0
2024-01-26 04:36:13.811509592,BMW,1309.5,554157.77,-2.62,346578.0
2024-01-26 19:14:09.708090072,BMW,1176.07,542163.11,4.08,85518.0
2024-01-27 09:52:05.604670556,Hyundai,1167.84,762139.91,-0.32,212230.0
,Toyota,1274.94,833816.31,-0.34,329681.0
2024-01-28 15:07:57.397831524,Hyundai,1153.48,441000.91,2.61,378865.0
2024-01-29 05:45:53.294412008,Mahindra,958.02,303030.92,-3.46,48645.0
2024-01-29 20:23:49.190992492,Mahindra,240.31,260075.56,-0.13,240608.0
2024-01-30 11:01:45.087572976,Toyota,97.16,195429.21,-0.7,24283.0
2024-01-31 01:39:40.984153460,Hyundai,1385.23,58589.93,0.97,350115.0
2024-01-31 16:17:36.880733944,Mahindra,944.14,343105.53,5.0,355903.0
2024-02-01 06:55:32.777314428,Audi,1204.98,270977.44,2.69,191195.0
2024-02-01 21:33:28.673894912,Hyundai,748.21,966450.97,-1.02,103780.0
2024-02-02 12:11:24.570475396,Audi,220.1,558151.12,3.28,424240.0
2024-02-03 02:49:20.467055880,,231.52,347929.76,-3.29,443846.0
2024-02-03 17:27:16.363636364,BMW,1044.07,580887.13,-4.7,293878.0
2024-02-04 08:05:12.260216848,Mahindra,673.94,140057.5,-2.96,1515.0
2024-02-04 22:43:08.156797328,Audi,340.76,444599.71,-1.6,373926.0
2024-02-05 13:21:04.053377812,Ford,762.81,626608.09,0.11,329871.0
2024-02-06 03:58:59.949958296,Tata,,489408.93,1.15,229872.0
2024-02-06 18:36:55.846538780,Honda,893.86,402377.02,4.11,372308.0
2024-02-07 09:14:51.743119264,Hyundai,440.04,993854.54,0.1,309360.0
2024-02-07 23:52:47.639699748,Ford,1206.46,880434.45,0.01,334977.0
2024-02-08 14:30:43.536280232,Mahindra,500.02,623782.55,-4.5,59755.0
2024-02-09 05:08:39.432860716,BMW,710.07,569807.98,-4.65,28856.0
2024-02-09 19:46:35.329441200,Toyota,66.85,621039.82,0.51,74870.0
2024-02-10 10:24:31.226021684,Mahindra,155.05,202110.8,,418378.0
2024-02-11 01:02:27.122602168,BMW,619.12,395742.61,3.39,138080.0
2024-02-11 15:40:23.019182652,Tata,745.91,,-3.39,271131.0
2024-02-12 06:18:18.915763136,Mahindra,920.03,476070.49,-4.75,456748.0
2024-02-12 20:56:14.812343620,Audi,472.91,,-0.51,97502.0
2024-02-13 11:34:10.708924104,Toyota,1057.72,228521.99,-2.63,397548.0
2024-02-14 02:12:06.605504584,BMW,1297.18,964064.82,-4.5,67323.0
2024-02-14 16:50:02.502085068,BMW,1180.78,909545.16,2.25,433206.0
2024-02-15 07:27:58.398665552,BMW,,722421.09,-3.88,273017.0
2024-02-15 22:05:54.295246036,Tata,746.74,533853.24,1.08,214614.0
2024-02-16 12:43:50.191826520,Mahindra,202.15,870099.19,-2.19,479977.0
2024-02-17 03:21:46.088407004,Tata,400.97,131521.69,-3.27,168516.0
2024-02-17 17:59:41.984987488,Hyundai,1480.66,790719.28,-1.2,
2024-02-18 08:37:37.881567972,Honda,256.62,125695.99,3.01,106219.0
2024-02-18 23:15:33.778148456,Honda,773.39,794416.45,-1.08,6033.0
2024-02-19 13:53:29.674728940,Hyundai,946.33,276491.8,2.51,336468.0
2024-02-20 04:31:25.571309424,Mahindra,1068.57,877213.49,-3.75,278833.0
2024-02-20 19:09:21.467889908,Audi,861.49,944098.05,2.73,110756.0
2024-02-21 09:47:17.364470392,Tata,64.17,149647.17,-2.63,481350.0
2024-02-22 00:25:13.261050872,,523.37,463212.93,1.77,497232.0
2024-02-22 15:03:09.157631360,BMW,800.68,981006.39,0.66,489455.0
2024-02-23 05:41:05.054211840,BMW,177.41,483924.03,4.29,263210.0
2024-02-23 20:19:00.950792328,Mahindra,558.41,863683.97,-1.13,115159.0
2024-02-24 10:56:56.847372808,Audi,,589142.79,-4.34,177318.0
2024-02-25 01:34:52.743953296,Honda,163.94,375954.58,-4.81,8533.0
2024-02-25 16:12:48.640533776,Honda,625.54,286497.77,3.27,474855.0
,BMW,242.44,204019.87,0.25,202224.0
2024-02-26 21:28:40.433694744,Mahindra,,762036.39,2.75,243653.0
2024-02-27 12:06:36.330275224,Tata,1049.72,387153.97,-2.66,378972.0
2024-02-28 02:44:32.226855712,Honda,1210.85,511764.19,-1.55,322802.0
2024-02-28 17:22:28.123436192,Tata,340.22,492833.15,-4.7,301642.0
2024-02-29 08:00:24.020016680,Audi,292.85,577701.75,4.61,110028.0
2024-02-29 22:38:19.916597160,Honda,201.62,865711.57,1.68,274916.0
2024-03-01 13:16:15.813177648,Honda,972.82,980758.6,4.33,352529.0
2024-03-02 03:54:11.709758128,Ford,1074.39,408176.62,-2.35,
2024-03-02 18:32:07.606338616,Honda,95.8,827691.4,1.11,452747.0
2024-03-03 09:10:03.502919096,Hyundai,1407.51,764763.27,1.78,251231.0
2024-03-03 23:47:59.399499584,Toyota,125.36,573955.42,-1.82,13940.0
2024-03-04 14:25:55.296080064,Hyundai,834.88,956091.1,3.48,381171.0
2024-03-05 05:03:51.192660552,Mahindra,1078.14,201274.04,,17932.0
2024-03-05 19:41:47.089241032,,1312.91,110154.95,3.85,227377.0
2024-03-06 10:19:42.985821520,,1085.43,854108.0,2.39,451043.0
2024-03-07 00:57:38.882402000,Hyundai,1212.51,439710.67,-2.23,455647.0
2024-03-07 15:35:34.778982480,Hyundai,542.2,847121.89,-2.18,25648.0
2024-03-08 06:13:30.675562968,Hyundai,1231.5,893197.11,4.63,33966.0
2024-03-08 20:51:26.572143448,Audi,166.17,63395.14,-4.9,421993.0
2024-03-09 11:29:22.468723936,Honda,1347.48,,2.16,256733.0
2024-03-10 02:07:18.365304416,Toyota,844.01,448870.74,2.06,164639.0
2024-03-10 16:45:14.261884904,Tata,1235.08,510922.06,1.23,247331.0
2024-03-11 07:23:10.158465384,Hyundai,705.86,626965.92,4.9,411390.0
2024-03-11 22:01:06.055045872,Hyundai,983.19,926456.22,-1.88,43598.0
2024-03-12 12:39:01.951626352,Ford,813.28,20096.98,-1.6,191271.0
2024-03-13 03:16:57.848206840,Tata,1110.8,477366.62,-4.21,408014.0
2024-03-13 17:54:53.744787320,Hyundai,168.36,,-0.57,459580.0
2024-03-14 08:32:49.641367808,Tata,137.51,722984.25,-2.39,411774.0
2024-03-14 23:10:45.537948288,Honda,408.3,692839.9,-1.57,324228.0
2024-03-15 13:48:41.434528776,Ford,281.34,135300.69,3.35,176309.0
2024-03-16 04:26:37.331109256,Tata,1314.09,300096.19,4.35,197569.0
2024-03-16 19:04:33.227689736,,367.86,359356.81,-3.14,132250.0
2024-03-17 09:42:29.124270224,Toyota,,804632.77,-1.27,249004.0
2024-03-18 00:20:25.020850704,Mahindra,538.5,279481.11,4.29,480222.0
2024-03-18 14:58:20.917431192,Ford,314.07,211494.26,-4.38,18118.0
2024-03-19 05:36:16.814011672,Ford,1195.06,957490.57,-4.08,23616.0
2024-03-19 20:14:12.710592160,,1005.13,9854.42,-3.37,132870.0
2024-03-20 10:52:08.607172640,Tata,772.38,997823.03,0.95,270745.0
2024-03-21 01:30:04.503753128,Ford,855.28,677144.48,-3.5,288507.0
2024-03-21 16:08:00.400333608,Toyota,1092.84,828640.83,4.68,3795.0
2024-03-22 06:45:56.296914096,Toyota,381.26,295324.78,-0.53,98462.0
2024-03-22 21:23:52.193494576,Hyundai,1494.68,15300.96,0.02,439480.0
2024-03-23 12:01:48.090075064,Honda,1463.45,738131.65,-2.53,366036.0
2024-03-24 02:39:43.986655544,Ford,992.97,834310.45,-0.29,335977.0
2024-03-24 17:17:39.883236032,Tata,339.34,740735.66,1.62,
2024-03-25 07:55:35.779816512,Mahindra,1036.33,143707.44,2.51,359009.0
2024-03-25 22:33:31.676396992,Mahindra,154.69,753674.49,2.54,470862.0
2024-03-26 13:11:27.572977480,,94.45,769153.86,0.78,263875.0
2024-03-27 03:49:23.469557960,Audi,423.64,658881.98,4.04,133201.0
2024-03-27 18:27:19.366138448,BMW,720.8,766349.82,3.17,160094.0
2024-03-28 09:05:15.262718928,Honda,1309.0,846075.52,2.57,264749.0
,Mahindra,1104.4,613990.51,-4.44,78506.0
2024-03-29 14:21:07.055879896,Ford,1126.92,89516.11,-4.93,241313.0
2024-03-30 04:59:02.952460384,Honda,666.97,488140.18,-2.88,45130.0
,Ford,551.61,78571.69,1.64,423481.0
2024-03-31 10:14:54.745621352,Audi,588.01,408135.49,-0.89,164402.0
2024-04-01 00:52:50.642201832,Toyota,1482.09,407699.38,-0.98,331613.0
2024-04-01 15:30:46.538782320,Honda,108.16,66943.83,3.85,147259.0
2024-04-02 06:08:42.435362800,Hyundai,1307.2,349471.71,3.96,420007.0
2024-04-02 20:46:38.331943288,Mahindra,889.08,111887.1,4.09,353580.0
2024-04-03 11:24:34.228523768,Honda,685.99,808426.97,-1.86,
2024-04-04 02:02:30.125104248,Honda,1101.62,947740.34,1.91,375485.0
2024-04-04 16:40:26.021684736,Honda,755.67,73244.16,-2.28,224034.0
2024-04-05 07:18:21.918265216,BMW,1316.46,955160.09,-3.09,434083.0
2024-04-05 21:56:17.814845704,Honda,1356.02,523054.02,-3.15,395109.0
2024-04-06 12:34:13.711426184,Ford,,300266.11,-1.58,100694.0
2024-04-07 03:12:09.608006672,Toyota,451.4,77785.21,-0.7,20773.0
2024-04-07 17:50:05.504587152,Audi,908.91,501123.64,3.31,267383.0
,Tata,,,-3.8,284007.0
2024-04-08 23:05:57.297748120,Honda,355.46,707379.39,2.35,314559.0
2024-04-09 13:43:53.194328608,,953.3,51175.79,0.31,69968.0
2024-04-10 04:21:49.090909088,Honda,965.76,,-2.12,494891.0
2024-04-10 18:59:44.987489576,Mahindra,1113.01,403470.41,-0.07,61430.0
2024-04-11 09:37:40.884070056,Ford,240.77,295995.2,-2.0,251072.0
2024-04-12 00:15:36.780650544,Mahindra,1087.95,233151.94,0.96,2515.0
2024-04-12 14:53:32.677231024,Hyundai,1368.1,281723.49,-0.66,98206.0
2024-04-13 05:31:28.573811504,Tata,310.54,803679.26,-3.36,246282.0
2024-04-13 20:09:24.470391992,Toyota,394.44,929298.83,-3.83,236702.0
2024-04-14 10:47:20.366972472,Mahindra,1458.52,405697.59,0.47,408821.0
2024-04-15 01:25:16.263552960,Mahindra,312.42,906204.89,4.02,319384.0
2024-04-15 16:03:12.160133440,Toyota,1288.86,322174.21,-1.56,6586.0
2024-04-16 06:41:08.056713928,Tata,763.8,476960.55,2.33,495437.0
2024-04-16 21:19:03.953294408,Honda,408.49,226802.97,,383563.0
2024-04-17 11:56:59.849874896,Mahindra,1312.59,640835.57,4.32,385518.0
2024-04-18 02:34:55.746455376,Toyota,695.69,979002.13,3.21,246277.0
2024-04-18 17:12:51.643035864,Hyundai,796.49,603889.6,0.67,32186.0
2024-04-19 07:50:47.539616344,Hyundai,570.89,358456.27,1.57,27928.0
2024-04-19 22:28:43.436196832,,909.78,648169.63,3.98,230336.0
2024-04-20 13:06:39.332777312,Toyota,287.11,123797.76,-1.0,215159.0
2024-04-21 03:44:35.229357800,Ford,617.07,888770.42,-1.73,
2024-04-21 18:22:31.125938280,Hyundai,1455.65,503580.87,-4.89,350173.0
2024-04-22 09:00:27.022518768,Tata,424.29,449900.39,3.27,21711.0
2024-04-22 23:38:22.919099248,Honda,1002.27,586278.92,3.01,55962.0
2024-04-23 14:16:18.815679728,Toyota,521.53,625159.08,-3.96,21039.0
2024-04-24 04:54:14.712260216,Audi,1171.54,72704.03,0.77,37561.0
2024-04-24 19:32:10.608840696,,,682934.6,-0.36,207555.0
2024-04-25 10:10:06.505421184,Hyundai,1456.24,242689.75,-3.81,492087.0
2024-04-26 00:48:02.402001664,Audi,707.99,714238.68,4.81,475611.0
2024-04-26 15:25:58.298582152,BMW,392.27,822712.26,-2.85,
2024-04-27 06:03:54.195162632,Hyundai,156.57,804154.55,-4.33,2577.0
2024-04-27 20:41:50.091743120,Mahindra,296.15,552948.47,0.95,108792.0
2024-04-28 11:19:45.988323600,Tata,803.67,520649.72,2.39,422566.0
2024-04-29 01:57:41.884904088,Toyota,538.65,143733.09,-4.68,248980.0
2024-04-29 16:35:37.781484568,Audi,1251.88,775570.8,1.59,239540.0
2024-04-30 07:13:33.678065056,Mahindra,674.79,272137.97,0.32,
2024-04-30 21:51:29.574645536,Audi,410.64,497198.73,-3.97,229506.0
2024-05-01 12:29:25.471226024,Toyota,944.86,284989.82,-3.27,213489.0
2024-05-02 03:07:21.367806504,Ford,1074.83,,0.68,
2024-05-02 17:45:17.264386984,Toyota,292.21,,-2.04,73227.0
2024-05-03 08:23:13.160967472,BMW,293.05,55277.7,4.38,381824.0
2024-05-03 23:01:09.057547952,Toyota,103.17,748896.59,3.19,325101.0
2024-05-04 13:39:04.954128440,Toyota,1117.78,318269.21,4.84,66431.0
2024-05-05 04:17:00.850708920,BMW,1012.52,1134.56,-2.4,411513.0
2024-05-05 18:54:56.747289408,Tata,738.21,511618.01,4.7,335038.0
2024-05-06 09:32:52.643869888,Hyundai,1274.05,47805.06,-0.69,248941.0
2024-05-07 00:10:48.540450376,Toyota,1218.22,276893.39,-1.52,195844.0
2024-05-07 14:48:44.437030856,BMW,898.76,707269.51,-4.5,151653.0
2024-05-08 05:26:40.333611344,Mahindra,1308.99,63626.93,-4.47,318336.0
2024-05-08 20:04:36.230191824,Ford,348.47,839499.15,1.92,264606.0
2024-05-09 10:42:32.126772312,Ford,212.28,4816.1,-0.42,391992.0
2024-05-10 01:20:28.023352792,Toyota,441.14,247577.05,-2.73,196245.0
2024-05-10 15:58:23.919933280,Tata,132.78,741163.15,1.14,409727.0
2024-05-11 06:36:19.816513760,Tata,820.2,316953.88,-2.47,339250.0
2024-05-11 21:14:15.713094240,Mahindra,1408.08,102790.5,0.78,311809.0
2024-05-12 11:52:11.609674728,Toyota,107.05,360873.68,-1.41,176486.0
2024-05-13 02:30:07.506255208,,227.06,271122.89,3.24,344154.0
2024-05-13 17:08:03.402835696,Tata,705.69,842869.19,,73573.0
2024-05-14 07:45:59.299416176,Toyota,1404.12,314034.57,-0.23,225737.0
2024-05-14 22:23:55.195996664,Audi,508.43,789143.54,-1.49,370947.0
2024-05-15 13:01:51.092577144,Tata,785.49,,-1.37,120682.0
2024-05-16 03:39:46.989157632,BMW,110.28,434383.6,3.06,14386.0
2024-05-16 18:17:42.885738112,Audi,265.1,910033.2,-1.72,387213.0
2024-05-17 08:55:38.782318600,Hyundai,1480.61,377940.74,-2.91,55460.0
2024-05-17 23:33:34.678899080,Tata,1449.42,964114.34,-4.15,400437.0
2024-05-18 14:11:30.575479568,Ford,57.16,90200.24,-0.33,417690.0
2024-05-19 04:49:26.472060048,Honda,1430.13,687332.25,-0.18,116375.0
2024-05-19 19:27:22.368640536,Audi,976.72,494320.23,3.41,375804.0
2024-05-20 10:05:18.265221016,Hyundai,1308.48,388261.16,-2.79,153117.0
2024-05-21 00:43:14.161801496,Mahindra,709.37,633079.17,-1.19,354463.0
2024-05-21 15:21:10.058381984,Mahindra,797.61,704153.23,3.08,117582.0
2024-05-22 05:59:05.954962464,Ford,758.83,5358.91,3.24,499909.0
2024-05-22 20:37:01.851542952,Tata,1016.95,167786.14,-1.15,399138.0
2024-05-23 11:14:57.748123432,Toyota,252.49,713333.0,-0.41,244015.0
2024-05-24 01:52:53.644703920,Tata,93.46,,-1.97,
2024-05-24 16:30:49.541284400,Ford,496.5,966081.46,4.33,305915.0
2024-05-25 07:08:45.437864888,Mahindra,1071.79,761276.75,-3.81,53335.0
2024-05-25 21:46:41.334445368,Tata,342.69,950821.94,4.34,230087.0
2024-05-26 12:24:37.231025856,Mahindra,1026.48,702837.96,1.84,53949.0
2024-05-27 03:02:33.127606336,Audi,1456.37,298754.16,0.32,464930.0
2024-05-27 17:40:29.024186824,Hyundai,186.16,106259.56,-4.67,96558.0
2024-05-28 08:18:24.920767304,Toyota,1025.27,782042.04,-0.24,409456.0
2024-05-28 22:56:20.817347792,Audi,693.44,644505.07,-0.92,485972.0
2024-05-29 13:34:16.713928272,Mahindra,1308.81,49137.83,-3.39,365416.0
2024-05-30 04:12:12.610508752,Mahindra,306.87,360690.42,1.56,265860.0
2024-05-30 18:50:08.507089240,Honda,1054.31,956843.02,4.71,148646.0
2024-05-31 09:28:04.403669720,Honda,,500900.74,0.62,243887.0
2024-06-01 00:06:00.300250208,Audi,1419.69,433296.41,2.15,477471.0
2024-06-01 14:43:56.196830688,BMW,1040.71,458241.91,-4.32,467933.0
2024-06-02 05:21:52.093411176,Audi,770.9,,-0.82,438282.0
2024-06-02 19:59:47.989991656,Honda,945.88,369338.46,-3.84,
2024-06-03 10:37:43.886572144,Mahindra,,370443.44,1.13,152285.0
2024-06-04 01:15:39.783152624,Ford,877.38,53302.67,4.38,72916.0
2024-06-04 15:53:35.679733112,Audi,94.06,767800.06,1.62,198223.0
2024-06-05 06:31:31.576313592,Mahindra,1399.88,417087.93,-4.23,260590.0
2024-06-05 21:09:27.472894080,Ford,1049.81,822357.71,-1.45,249090.0
2024-06-06 11:47:23.369474560,Ford,1030.94,850497.65,0.51,51906.0
2024-06-07 02:25:19.266055048,Honda,362.73,212782.06,-0.97,263607.0
2024-06-07 17:03:15.162635528,Audi,1005.38,657696.13,3.34,426189.0
2024-06-08 07:41:11.059216008,Tata,621.1,,3.15,75694.0
2024-06-08 22:19:06.955796496,Toyota,994.29,880276.58,1.12,414867.0
2024-06-09 12:57:02.852376976,Honda,204.56,216524.94,-1.27,331838.0
2024-06-10 03:34:58.748957464,Honda,1003.88,678135.39,-2.45,283152.0
2024-06-10 18:12:54.645537944,Tata,1499.15,608144.37,-3.94,
2024-06-11 08:50:50.542118432,Toyota,119.91,296006.18,-1.45,39185.0
,Mahindra,1466.9,137464.3,-0.87,351068.0
2024-06-12 14:06:42.335279400,BMW,640.02,651988.12,1.76,263048.0
2024-06-13 04:44:38.231859880,Audi,1312.59,738858.86,1.58,468633.0
2024-06-13 19:22:34.128440368,BMW,1184.46,316311.72,-4.3,257574.0
2024-06-14 10:00:30.025020848,Mahindra,872.17,645187.77,-1.05,203211.0
2024-06-15 00:38:25.921601336,Hyundai,1120.75,395735.78,-3.18,298124.0
2024-06-15 15:16:21.818181816,Honda,1323.85,713493.68,-3.43,23504.0
2024-06-16 05:54:17.714762304,Toyota,636.0,200016.06,3.27,55970.0
2024-06-16 20:32:13.611342784,Honda,524.2,890324.79,-4.58,279910.0
2024-06-17 11:10:09.507923264,Ford,1018.01,,-0.81,117944.0
2024-06-18 01:48:05.404503752,Honda,1221.38,368418.2,-3.32,357066.0
2024-06-18 16:26:01.301084232,Honda,1155.31,59033.86,3.79,405911.0
2024-06-19 07:03:57.197664720,Mahindra,1206.83,112400.7,0.57,412012.0
2024-06-19 21:41:53.094245200,Mahindra,681.6,516346.04,-2.69,174615.0
2024-06-20 12:19:48.990825688,Mahindra,1235.86,268325.08,0.02,408775.0
2024-06-21 02:57:44.887406168,BMW,224.3,835644.75,2.31,498666.0
2024-06-21 17:35:40.783986656,Ford,839.51,15678.7,,
2024-06-22 08:13:36.680567136,,58.35,379714.95,-2.8,121494.0
2024-06-22 22:51:32.577147624,Hyundai,520.65,338008.2,3.86,235941.0
2024-06-23 13:29:28.473728104,Mahindra,,20308.3,4.34,9802.0
2024-06-24 04:07:24.370308592,Toyota,624.45,125244.03,4.16,468059.0
2024-06-24 18:45:20.266889072,BMW,1058.43,414229.03,1.35,172277.0
2024-06-25 09:23:16.163469560,Tata,613.41,493371.72,1.3,492966.0
2024-06-26 00:01:12.060050040,Toyota,700.61,404885.46,-0.97,297303.0
2024-06-26 14:39:07.956630520,Audi,394.44,531406.74,2.52,12516.0
2024-06-27 05:17:03.853211008,Audi,591.22,595536.54,0.31,313636.0
2024-06-27 19:54:59.749791488,Toyota,379.54,10913.9,1.77,292230.0
2024-06-28 10:32:55.646371976,Mahindra,156.13,464631.06,-0.72,114758.0
2024-06-29 01:10:51.542952456,Tata,925.0,963535.74,2.31,31480.0
2024-06-29 15:48:47.439532944,Tata,1018.91,519513.25,3.24,184163.0
2024-06-30 06:26:43.336113424,BMW,948.26,677864.73,-3.54,129023.0
2024-06-30 21:04:39.232693912,Tata,722.07,312551.99,3.33,373339.0
2024-07-01 11:42:35.129274392,Audi,600.69,774217.39,0.4,179838.0
2024-07-02 02:20:31.025854880,Ford,1301.83,773148.56,3.45,301881.0
2024-07-02 16:58:26.922435360,Mahindra,802.67,521774.75,-0.69,272409.0
2024-07-03 07:36:22.819015848,Tata,744.81,976037.81,-1.21,115165.0
2024-07-03 22:14:18.715596328,BMW,87.18,,,120501.0
2024-07-04 12:52:14.612176816,Audi,544.81,17930.72,-2.49,250329.0
2024-07-05 03:30:10.508757296,Ford,601.28,770388.05,3.44,334134.0
2024-07-05 18:08:06.405337776,Honda,628.29,807348.38,-0.16,495670.0
2024-07-06 08:46:02.301918264,Honda,891.25,121087.02,0.14,485933.0
2024-07-06 23:23:58.198498744,Ford,823.72,266317.25,-1.92,278530.0
2024-07-07 14:01:54.095079232,,931.46,18534.81,0.73,367862.0
,BMW,1159.08,294015.3,-1.75,300569.0
,Ford,1228.83,773368.73,-4.61,122635.0
2024-07-09 09:55:41.784820680,Mahindra,1091.28,518442.57,-2.28,
2024-07-10 00:33:37.681401168,Mahindra,1435.51,348747.5,-4.94,221935.0
2024-07-10 15:11:33.577981648,Honda,76.44,372367.56,4.78,54634.0
2024-07-11 05:49:29.474562136,Tata,333.88,2352.27,4.66,
2024-07-11 20:27:25.371142616,BMW,60.97,300500.73,-1.05,179734.0
2024-07-12 11:05:21.267723104,Honda,988.84,646812.28,2.28,350132.0
2024-07-13 01:43:17.164303584,Tata,1352.14,974220.25,,235856.0
,Tata,403.05,847213.77,1.71,369481.0
2024-07-14 06:59:08.957464552,Hyundai,1394.2,24571.37,3.05,493503.0
2024-07-14 21:37:04.854045032,Mahindra,137.39,898662.04,4.47,219599.0
2024-07-15 12:15:00.750625520,Audi,1404.93,783415.21,-1.0,238919.0
2024-07-16 02:52:56.647206000,Toyota,559.85,780595.75,2.83,469668.0
2024-07-16 17:30:52.543786488,Audi,197.06,458537.76,-2.34,404359.0
2024-07-17 08:08:48.440366968,Toyota,754.51,398607.29,4.9,485607.0
2024-07-17 22:46:44.336947456,Ford,422.33,303612.81,-4.74,409797.0
2024-07-18 13:24:40.233527936,Mahindra,463.07,66629.16,1.04,68443.0
2024-07-19 04:02:36.130108424,Tata,495.57,229007.13,,292568.0
2024-07-19 18:40:32.026688904,BMW,1214.39,247357.03,1.88,351988.0
2024-07-20 09:18:27.923269392,Toyota,831.78,484592.99,-3.8,305128.0
2024-07-20 23:56:23.819849872,,501.4,747696.96,4.39,
2024-07-21 14:34:19.716430360,Tata,934.98,474336.02,-3.19,103478.0
2024-07-22 05:12:15.613010840,Toyota,1088.42,58786.6,1.23,63699.0
2024-07-22 19:50:11.509591328,Toyota,445.3,957832.01,-2.77,421173.0
,Hyundai,649.65,942781.59,-1.93,419680.0
2024-07-24 01:06:03.302752288,Toyota,226.73,785404.35,0.46,377156.0
2024-07-24 15:43:59.199332776,BMW,312.67,991336.57,-0.83,155721.0
2024-07-25 06:21:55.095913256,Mahindra,1037.62,544937.85,-3.4,436281.0
2024-07-25 20:59:50.992493744,BMW,313.09,962805.58,-3.29,486877.0
2024-07-26 11:37:46.889074224,Honda,811.49,76529.44,-0.82,297902.0
2024-07-27 02:15:42.785654712,,1078.12,366315.07,2.57,137668.0
2024-07-27 16:53:38.682235192,Mahindra,204.97,226155.89,3.98,279518.0
2024-07-28 07:31:34.578815680,Hyundai,872.6,196637.25,-4.16,119686.0
2024-07-28 22:09:30.475396160,Mahindra,422.02,141662.15,-1.07,266919.0
2024-07-29 12:47:26.371976648,Mahindra,1446.24,622791.23,-4.0,290532.0
2024-07-30 03:25:22.268557128,Audi,751.14,781540.53,-4.83,386944.0
2024-07-30 18:03:18.165137616,Mahindra,1218.69,578720.1,1.62,284173.0
2024-07-31 08:41:14.061718096,Hyundai,847.83,147815.75,1.02,84981.0
2024-07-31 23:19:09.958298584,,112.95,811312.65,-3.37,316783.0
2024-08-01 13:57:05.854879064,,968.07,636318.75,-2.66,115010.0
2024-08-02 04:35:01.751459544,,1429.53,388777.54,-4.76,408861.0
2024-08-02 19:12:57.648040032,Tata,922.34,674456.17,3.35,32105.0
2024-08-03 09:50:53.544620512,Mahindra,1237.82,260645.07,4.75,407884.0
2024-08-04 00:28:49.441201000,Tata,1332.1,,-3.65,
2024-08-04 15:06:45.337781480,Ford,380.72,917568.36,-2.69,148032.0
2024-08-05 05:44:41.234361968,Ford,357.47,291214.0,3.68,127519.0
2024-08-05 20:22:37.130942448,Tata,935.92,470518.28,4.26,143429.0
2024-08-06 11:00:33.027522936,Toyota,,,-0.8,458820.0
2024-08-07 01:38:28.924103416,Honda,1267.8,708013.63,-4.49,
,Audi,1355.03,,-4.61,314940.0
2024-08-08 06:54:20.717264384,Toyota,562.46,148155.74,0.74,278948.0
2024-08-08 21:32:16.613844872,Toyota,393.46,8833.75,-1.07,128732.0
2024-08-09 12:10:12.510425352,BMW,,631290.87,-4.71,146698.0
2024-08-10 02:48:08.407005840,Audi,448.47,448225.75,0.83,160204.0
2024-08-10 17:26:04.303586320,Audi,,135140.58,-4.89,271095.0
2024-08-11 08:04:00.200166800,Toyota,664.42,957976.19,2.87,400665.0
2024-08-11 22:41:56.096747288,Mahindra,1017.95,530130.06,-1.94,282209.0
2024-08-12 13:19:51.993327768,BMW,188.53,242651.4,-4.6,364647.0
2024-08-13 03:57:47.889908256,BMW,954.6,501102.97,0.88,106072.0
2024-08-13 18:35:43.786488736,Ford,,679940.71,-1.02,
2024-08-14 09:13:39.683069224,Hyundai,900.58,77162.98,4.74,90360.0
2024-08-14 23:51:35.579649704,Audi,293.62,275429.11,0.44,63287.0
2024-08-15 14:29:31.476230192,Toyota,1118.47,807158.53,-2.25,239009.0
2024-08-16 05:07:27.372810672,,1301.06,460205.21,2.09,183774.0
2024-08-16 19:45:23.269391160,Tata,364.27,547030.56,-2.29,169065.0
2024-08-17 10:23:19.165971640,Honda,188.79,,4.04,163947.0
2024-08-18 01:01:15.062552128,Hyundai,,44856.04,-1.25,247356.0
2024-08-18 15:39:10.959132608,Hyundai,980.86,166584.03,0.5,138126.0
2024-08-19 06:17:06.855713096,Hyundai,930.29,446096.1,-4.49,231881.0
2024-08-19 20:55:02.752293576,BMW,842.71,209976.28,-0.74,108357.0
2024-08-20 11:32:58.648874056,Tata,386.32,,3.32,442733.0
2024-08-21 02:10:54.545454544,Hyundai,616.81,843806.01,3.06,208440.0
2024-08-21 16:48:50.442035024,Tata,911.99,981211.34,-2.76,30670.0
2024-08-22 07:26:46.338615512,Mahindra,770.31,,-2.74,312256.0
2024-08-22 22:04:42.235195992,Hyundai,1482.29,853931.14,3.17,351532.0
2024-08-23 12:42:38.131776480,Honda,247.84,242735.15,4.3,352300.0
2024-08-24 03:20:34.028356960,Tata,1057.96,960666.35,-4.05,160379.0
2024-08-24 17:58:29.924937448,Tata,636.26,197728.78,-0.5,245159.0
2024-08-25 08:36:25.821517928,Honda,670.89,951478.38,-1.63,199159.0
2024-08-25 23:14:21.718098416,Hyundai,1090.52,994824.47,3.71,311066.0
2024-08-26 13:52:17.614678896,Honda,1054.03,712011.08,-4.16,195152.0
,Tata,1487.32,981162.59,-2.89,356492.0
2024-08-27 19:08:09.407839864,,236.17,569970.24,2.52,80335.0
2024-08-28 09:46:05.304420352,Tata,200.96,260282.24,-4.49,289456.0
2024-08-29 00:24:01.201000832,Tata,1100.29,437558.89,,499372.0
2024-08-29 15:01:57.097581312,Mahindra,888.66,593967.37,-0.58,67985.0
2024-08-30 05:39:52.994161800,Toyota,447.53,74008.48,-1.66,
2024-08-30 20:17:48.890742280,Tata,165.16,622720.92,-1.05,252713.0
2024-08-31 10:55:44.787322768,Hyundai,174.2,981196.66,0.3,451824.0
2024-09-01 01:33:40.683903248,Ford,1346.58,190917.54,-3.39,484178.0
2024-09-01 16:11:36.580483736,BMW,328.21,792802.52,0.72,364107.0
,Audi,518.89,907990.89,3.05,172349.0
2024-09-02 21:27:28.373644704,Toyota,378.65,943757.89,2.6,32551.0
2024-09-03 12:05:24.270225184,Toyota,564.74,960175.47,-3.46,90813.0
2024-09-04 02:43:20.166805672,Toyota,150.66,521938.18,-3.51,450813.0
2024-09-04 17:21:16.063386152,Mahindra,802.64,977330.6,-2.32,364169.0
2024-09-05 07:59:11.959966640,Tata,148.04,757552.9,-1.39,387486.0
2024-09-05 22:37:07.856547120,Mahindra,1210.52,162509.76,-0.92,177284.0
2024-09-06 13:15:03.753127608,Tata,388.88,477423.21,1.8,10637.0
2024-09-07 03:52:59.649708088,Hyundai,833.02,718612.84,-4.43,306402.0
2024-09-07 18:30:55.546288568,Mahindra,1326.11,248092.98,-4.65,429909.0
2024-09-08 09:08:51.442869056,Mahindra,993.77,640974.57,-1.08,404040.0
2024-09-08 23:46:47.339449536,BMW,822.79,666933.88,1.97,130553.0
2024-09-09 14:24:43.236030024,Ford,520.28,163537.04,-3.07,27950.0
2024-09-10 05:02:39.132610504,,532.85,565520.23,1.42,417704.0
2024-09-10 19:40:35.029190992,BMW,1020.76,771855.28,-2.4,128870.0
2024-09-11 10:18:30.925771472,,1491.5,499396.77,3.86,498760.0
2024-09-12 00:56:26.822351960,Ford,1009.67,13091.01,3.96,1215.0
2024-09-12 15:34:22.718932440,Hyundai,858.79,,-2.03,368747.0
2024-09-13 06:12:18.615512928,Mahindra,1109.44,357672.31,-2.7,274667.0
2024-09-13 20:50:14.512093408,Audi,724.55,926267.87,-0.89,470116.0
2024-09-14 11:28:10.408673896,Toyota,137.21,229448.1,-2.59,331833.0
2024-09-15 02:06:06.305254376,Honda,865.33,634729.33,1.72,24834.0
2024-09-15 16:44:02.201834864,Honda,1438.56,222853.79,3.26,
2024-09-16 07:21:58.098415344,Hyundai,304.19,322348.32,1.73,44066.0
2024-09-16 21:59:53.994995824,BMW,1050.51,848194.05,3.24,494087.0
2024-09-17 12:37:49.891576312,,341.35,729132.58,-1.03,273544.0
2024-09-18 03:15:45.788156792,Ford,826.95,96303.88,-3.44,388355.0
2024-09-18 17:53:41.684737280,Mahindra,190.18,429273.32,2.38,11345.0
2024-09-19 08:31:37.581317760,Mahindra,703.04,30140.59,-1.4,34896.0
2024-09-19 23:09:33.477898248,Audi,1146.44,481409.26,1.71,479646.0
2024-09-20 13:47:29.374478728,Hyundai,553.98,662771.58,-2.29,292043.0
2024-09-21 04:25:25.271059216,Toyota,1014.12,119384.12,-4.19,291373.0
2024-09-21 19:03:21.167639696,,1203.4,289596.05,4.93,268727.0
2024-09-22 09:41:17.064220184,Toyota,1394.41,398438.79,-3.44,399113.0
2024-09-23 00:19:12.960800664,Honda,390.23,919611.49,4.88,72537.0
2024-09-23 14:57:08.857381152,Hyundai,629.01,993261.76,4.77,241489.0
2024-09-24 05:35:04.753961632,Audi,271.0,,2.94,398783.0
2024-09-24 20:13:00.650542120,Toyota,1489.1,761246.92,1.59,75807.0
2024-09-25 10:50:56.547122600,Ford,1394.15,372352.34,0.78,130648.0
2024-09-26 01:28:52.443703080,Mahindra,832.94,393065.73,,375796.0
2024-09-26 16:06:48.340283568,Honda,1270.95,754510.71,-2.11,471455.0
2024-09-27 06:44:44.236864048,,805.39,918508.01,-0.32,145401.0
2024-09-27 21:22:40.133444536,Toyota,954.2,950977.67,,233117.0
2024-09-28 12:00:36.030025016,BMW,179.23,577545.46,-0.89,249780.0
2024-09-29 02:38:31.926605504,Ford,1145.14,357764.04,-0.73,334936.0
2024-09-29 17:16:27.823185984,Ford,235.18,787761.54,,394444.0
2024-09-30 07:54:23.719766472,Toyota,1247.8,251750.38,0.64,484498.0
2024-09-30 22:32:19.616346952,,1183.94,564509.95,3.51,214286.0
2024-10-01 13:10:15.512927440,Toyota,1077.68,359219.88,-2.98,38052.0
2024-10-02 03:48:11.409507920,Honda,102.43,656974.44,4.34,451985.0
2024-10-02 18:26:07.306088408,Toyota,489.54,241158.51,1.89,47032.0
2024-10-03 09:04:03.202668888,Ford,431.51,192401.35,3.23,482937.0
2024-10-03 23:41:59.099249376,Audi,572.2,918320.85,0.56,
2024-10-04 14:19:54.995829856,Toyota,177.08,102701.88,2.8,340125.0
2024-10-05 04:57:50.892410336,Mahindra,1408.59,506451.95,-4.84,99802.0
2024-10-05 19:35:46.788990824,Hyundai,853.01,221631.93,3.18,
2024-10-06 10:13:42.685571304,Audi,493.01,39891.03,-4.6,397025.0
2024-10-07 00:51:38.582151792,BMW,625.62,36982.8,,235337.0
2024-10-07 15:29:34.478732272,Tata,698.44,176046.55,4.92,173857.0
2024-10-08 06:07:30.375312760,Toyota,920.86,866903.58,-2.06,430763.0
2024-10-08 20:45:26.271893240,Mahindra,797.74,283196.27,-2.9,305962.0
2024-10-09 11:23:22.168473728,Audi,1383.12,950508.71,2.65,363566.0
2024-10-10 02:01:18.065054208,Mahindra,770.6,582040.67,-2.47,335071.0
2024-10-10 16:39:13.961634696,BMW,1488.63,437177.58,3.66,197753.0
2024-10-11 07:17:09.858215176,Ford,1284.57,580508.75,-3.97,342609.0
2024-10-11 21:55:05.754795664,Mahindra,352.34,517181.69,,221934.0
2024-10-12 12:33:01.651376144,Audi,1399.36,759017.48,4.79,227599.0
2024-10-13 03:10:57.547956632,Mahindra,218.73,283213.57,1.74,114221.0
2024-10-13 17:48:53.444537112,Mahindra,1235.3,353697.34,3.47,300477.0
2024-10-14 08:26:49.341117592,Mahindra,601.9,894200.21,-1.76,127457.0
2024-10-14 23:04:45.237698080,Honda,1323.06,946510.06,,279720.0
2024-10-15 13:42:41.134278560,Honda,1308.68,892665.67,0.94,120875.0
2024-10-16 04:20:37.030859048,Ford,1218.59,420028.55,1.03,302549.0
,Toyota,1195.54,780585.14,1.83,357144.0
2024-10-17 09:36:28.824020016,Mahindra,491.78,476859.4,0.75,467995.0
2024-10-18 00:14:24.720600496,BMW,167.33,498042.31,-0.71,32601.0
2024-10-18 14:52:20.617180984,,634.32,205475.43,-2.24,331090.0
2024-10-19 05:30:16.513761464,BMW,301.61,591539.17,2.69,461572.0
2024-10-19 20:08:12.410341952,Toyota,1057.68,186949.76,-2.74,315260.0
2024-10-20 10:46:08.306922432,Ford,551.84,332233.13,1.92,495041.0
2024-10-21 01:24:04.203502920,Mahindra,1464.63,855175.17,-2.67,105186.0
2024-10-21 16:02:00.100083400,Mahindra,979.41,207868.73,1.25,326038.0
2024-10-22 06:39:55.996663888,Tata,1242.6,72087.13,2.47,166707.0
2024-10-22 21:17:51.893244368,BMW,242.16,69938.59,-2.81,270609.0
2024-10-23 11:55:47.789824848,Toyota,1299.92,940843.74,-4.4,57754.0
2024-10-24 02:33:43.686405336,Toyota,1388.0,507413.52,-3.69,
2024-10-24 17:11:39.582985816,Hyundai,756.24,,1.06,93850.0
2024-10-25 07:49:35.479566304,Hyundai,929.07,811067.7,3.49,372909.0
2024-10-25 22:27:31.376146784,Honda,1158.97,835990.1,-4.55,217191.0
2024-10-26 13:05:27.272727272,Tata,303.52,332858.84,2.34,355835.0
2024-10-27 03:43:23.169307752,Audi,778.72,693924.44,-1.59,39871.0
2024-10-27 18:21:19.065888240,Hyundai,628.06,771351.69,-0.21,194946.0
,,262.24,654996.04,4.29,
,Honda,582.92,152443.48,,292655.0
2024-10-29 14:15:06.755629688,Honda,148.85,,-0.35,344104.0
2024-10-30 04:53:02.652210176,Honda,87.43,539555.46,-4.86,
2024-10-30 19:30:58.548790656,BMW,245.99,283189.95,-4.18,328920.0
2024-10-31 10:08:54.445371144,BMW,1446.52,425802.96,-2.41,250200.0
2024-11-01 00:46:50.341951624,Ford,846.82,38533.52,-4.72,202239.0
2024-11-01 15:24:46.238532104,Ford,1450.44,128738.93,1.31,469351.0
,Honda,677.12,765781.2,-0.74,307606.0
2024-11-02 20:40:38.031693072,Tata,502.13,1011.62,0.48,455598.0
2024-11-03 11:18:33.928273560,Toyota,783.91,417149.26,-3.25,484410.0
2024-11-04 01:56:29.824854040,BMW,687.29,522987.67,-2.04,235453.0
2024-11-04 16:34:25.721434528,Tata,203.21,55579.79,1.64,33574.0
2024-11-05 07:12:21.618015008,,979.2,973105.08,4.65,103072.0
2024-11-05 21:50:17.514595496,BMW,363.26,226899.21,,436126.0
2024-11-06 12:28:13.411175976,BMW,948.4,304894.52,3.9,205603.0
,Ford,,304638.57,0.77,157258.0
2024-11-07 17:44:05.204336944,Toyota,270.44,231186.25,0.64,488997.0
2024-11-08 08:22:01.100917432,Toyota,138.96,2472.35,0.0,154885.0
2024-11-08 22:59:56.997497912,Hyundai,1182.1,,-4.31,210884.0
2024-11-09 13:37:52.894078400,Audi,716.71,966878.65,-4.1,217597.0
2024-11-10 04:15:48.790658880,Audi,134.34,225069.19,1.01,341426.0
2024-11-10 18:53:44.687239360,Audi,1492.56,663384.14,-1.59,
2024-11-11 09:31:40.583819848,,133.78,742154.43,4.17,19557.0
2024-11-12 00:09:36.480400328,Mahindra,1057.8,848576.95,-0.93,160132.0
2024-11-12 14:47:32.376980816,Mahindra,1476.33,423206.57,-3.57,453082.0
2024-11-13 05:25:28.273561296,BMW,396.81,303627.97,,335248.0
2024-11-13 20:03:24.170141784,Honda,256.26,325969.84,-2.07,232977.0
2024-11-14 10:41:20.066722264,Ford,226.01,712908.71,0.25,478793.0
2024-11-15 01:19:15.963302752,Ford,489.75,816962.69,1.98,138152.0
2024-11-15 15:57:11.859883232,Audi,196.52,182432.35,4.0,145926.0
2024-11-16 06:35:07.756463720,BMW,,371570.07,2.92,385157.0
2024-11-16 21:13:03.653044200,Hyundai,140.32,902038.26,1.76,199767.0
2024-11-17 11:50:59.549624688,Tata,788.66,806886.83,1.8,159097.0
2024-11-18 02:28:55.446205168,Honda,1495.21,984873.54,4.46,185054.0
2024-11-18 17:06:51.342785656,,1230.26,754494.01,-2.04,42081.0
2024-11-19 07:44:47.239366136,Honda,942.07,393802.01,-4.99,398584.0
2024-11-19 22:22:43.135946616,Honda,494.07,591047.2,-2.28,231693.0
2024-11-20 13:00:39.032527104,Honda,954.65,661353.24,-2.82,382325.0
2024-11-21 03:38:34.929107584,BMW,814.21,79377.36,1.62,290238.0
2024-11-21 18:16:30.825688072,Audi,667.82,544952.46,1.34,440256.0
2024-11-22 08:54:26.722268552,Ford,239.53,709611.51,0.93,329910.0
2024-11-22 23:32:22.618849040,Ford,1335.58,168153.98,-4.84,346197.0
2024-11-23 14:10:18.515429520,Audi,702.19,780851.09,2.29,156063.0
2024-11-24 04:48:14.412010008,Honda,332.2,584189.01,-1.76,264445.0
2024-11-24 19:26:10.308590488,Tata,583.25,952269.56,1.65,
,Toyota,650.49,43379.88,0.57,82463.0
,BMW,1249.93,266060.81,-1.57,166750.0
2024-11-26 15:19:57.998331944,Toyota,1113.74,,-3.65,287610.0
2024-11-27 05:57:53.894912424,Hyundai,1165.49,297263.35,-4.06,474656.0
2024-11-27 20:35:49.791492912,Audi,66.0,714709.74,3.32,435091.0
2024-11-28 11:13:45.688073392,Tata,653.42,759246.28,4.18,27081.0
2024-11-29 01:51:41.584653872,BMW,747.95,103413.45,1.5,25354.0
2024-11-29 16:29:37.481234360,Audi,77.83,514340.61,-3.97,
2024-11-30 07:07:33.377814840,,426.73,509381.67,-0.98,281444.0
2024-11-30 21:45:29.274395328,Ford,1152.42,369911.49,2.29,65384.0
2024-12-01 12:23:25.170975808,Toyota,248.81,932991.94,2.8,358171.0
2024-12-02 03:01:21.067556296,Mahindra,826.2,827678.81,,122684.0
2024-12-02 17:39:16.964136776,Mahindra,362.04,697512.17,-5.0,324036.0
2024-12-03 08:17:12.860717264,Tata,67.58,714612.31,2.12,36525.0
2024-12-03 22:55:08.757297744,Honda,399.74,462254.43,-1.43,420748.0
,Hyundai,1465.02,921073.53,-2.46,
2024-12-05 04:11:00.550458712,Toyota,1212.23,694900.83,,17562.0
2024-12-05 18:48:56.447039200,Honda,1441.39,729252.08,0.4,370536.0
2024-12-06 09:26:52.343619680,Toyota,757.39,861829.21,3.51,56514.0
2024-12-07 00:04:48.240200168,Tata,209.12,274797.52,4.58,
2024-12-07 14:42:44.136780648,Tata,844.54,807263.83,,113564.0
2024-12-08 05:20:40.033361128,Hyundai,708.85,196045.36,0.14,371191.0
2024-12-08 19:58:35.929941616,Mahindra,1274.32,345996.61,-4.15,468435.0
2024-12-09 10:36:31.826522096,Honda,192.22,336274.84,0.49,33634.0
2024-12-10 01:14:27.723102584,BMW,757.95,978546.94,-1.2,263204.0
2024-12-10 15:52:23.619683064,Mahindra,267.57,856680.69,1.07,272413.0
,Honda,520.78,701468.69,-1.11,195215.0
2024-12-11 21:08:15.412844032,Mahindra,1119.17,727329.7,,24065.0
2024-12-12 11:46:11.309424520,BMW,740.23,562510.72,-4.05,266039.0
,Ford,595.04,947143.58,,
2024-12-13 17:02:03.102585488,Ford,621.99,496762.49,-4.03,144424.0
2024-12-14 07:39:58.999165968,Hyundai,716.2,381137.19,-3.23,443953.0
2024-12-14 22:17:54.895746456,Ford,1188.27,163872.3,4.87,105127.0
,Ford,1343.52,786419.45,-0.56,97426.0
2024-12-16 03:33:46.688907424,Audi,1435.24,,0.32,426232.0
,Toyota,1191.01,384970.68,3.74,193376.0
2024-12-17 08:49:38.482068384,Audi,507.34,26168.22,4.96,12962.0
2024-12-17 23:27:34.378648872,Audi,1047.8,839158.33,0.83,34302.0
2024-12-18 14:05:30.275229352,Hyundai,684.52,12406.57,3.12,348526.0
2024-12-19 04:43:26.171809840,Audi,419.27,703996.08,-1.73,5011.0
2024-12-19 19:21:22.068390320,Ford,1269.26,970286.85,-1.94,392860.0
2024-12-20 09:59:17.964970808,BMW,105.72,438223.67,-0.97,20782.0
2024-12-21 00:37:13.861551288,Hyundai,1357.55,235738.43,1.73,199763.0
2024-12-21 15:15:09.758131776,Hyundai,719.14,,1.82,121654.0
2024-12-22 05:53:05.654712256,Tata,973.94,,-1.85,433941.0
2024-12-22 20:31:01.551292744,Hyundai,,546883.89,-3.67,10196.0
2024-12-23 11:08:57.447873224,Tata,1347.92,967068.24,1.32,44459.0
2024-12-24 01:46:53.344453712,Hyundai,973.17,52617.05,-3.72,
2024-12-24 16:24:49.241034192,Toyota,940.2,505290.8,0.78,79863.0
2024-12-25 07:02:45.137614680,Ford,146.65,718735.49,1.93,386350.0
2024-12-25 21:40:41.034195160,Hyundai,801.69,862777.83,2.01,251463.0
2024-12-26 12:18:36.930775640,Ford,267.75,180076.36,2.53,364154.0
2024-12-27 02:56:32.827356128,,1119.28,800203.48,3.73,33769.0
2024-12-27 17:34:28.723936608,,792.72,553154.37,-0.0,370673.0
2024-12-28 08:12:24.620517096,Hyundai,1036.33,397157.13,2.3,257433.0
2024-12-28 22:50:20.517097576,Honda,110.43,132583.31,1.19,25700.0
2024-12-29 13:28:16.413678064,Mahindra,172.95,865430.46,-3.13,247864.0
2024-12-30 04:06:12.310258544,Honda,1088.67,158115.93,-4.74,
2024-12-30 18:44:08.206839032,Ford,154.52,310478.07,-2.15,470643.0
2024-12-31 09:22:04.103419512,Ford,153.32,290755.49,-0.57,232237.0
2025-01-01 00:00:00.000000000,Mahindra,67.56,871542.62,1.17,268413.0
